pred,lemma,lemma_sf
supeɾbejs,supeɾbenˈiɾ,n
supeɾbejs,supeɾbenˈiɾ,n
supeɾbejs,supeɾbenˈiɾ,n
supeɾbejs,supeɾbenˈiɾ,n
supeɾbejs,supeɾbenˈiɾ,n
supeɾbenajs,supeɾbenˈiɾ,n
supeɾbajs,supeɾbenˈiɾ,n
supeɾbenan,supeɾbenˈiɾ,n
supeɾbenɡas,supeɾbenˈiɾ,n
supeɾbena,supeɾbenˈiɾ,n
supeɾbejs,supeɾbenˈiɾ,n
supeɾbejs,supeɾbenˈiɾ,n
supeɾbejs,supeɾbenˈiɾ,n
supeɾbejs,supeɾbenˈiɾ,n
supeɾbejs,supeɾbenˈiɾ,n
supeɾbajs,supeɾbenˈiɾ,n
supeɾbejs,supeɾbenˈiɾ,n
supeɾbenas,supeɾbenˈiɾ,n
supeɾbejs,supeɾbenˈiɾ,n
supeɾbejs,supeɾbenˈiɾ,n
supeɾbejs,supeɾbenˈiɾ,n
supeɾbejs,supeɾbenˈiɾ,n
supeɾbejs,supeɾbenˈiɾ,n
supeɾbajs,supeɾbenˈiɾ,n
supeɾben,supeɾbenˈiɾ,n
supeɾbenas,supeɾbenˈiɾ,n
supeɾbejs,supeɾbenˈiɾ,n
supeɾbejs,supeɾbenˈiɾ,n
supeɾbejs,supeɾbenˈiɾ,n
supeɾbajs,supeɾbenˈiɾ,n
supeɾbajs,supeɾbenˈiɾ,n
supeɾbejs,supeɾbenˈiɾ,n
supeɾbejs,supeɾbenˈiɾ,n
supeɾbejs,supeɾbenˈiɾ,n
supeɾbejs,supeɾbenˈiɾ,n
supeɾbajs,supeɾbenˈiɾ,n
supeɾbajs,supeɾbenˈiɾ,n
supeɾbejs,supeɾbenˈiɾ,n
supeɾbejs,supeɾbenˈiɾ,n
supeɾbejs,supeɾbenˈiɾ,n
supeɾbajs,supeɾbenˈiɾ,n
supeɾbajs,supeɾbenˈiɾ,n
supeɾbejs,supeɾbenˈiɾ,n
supeɾbejs,supeɾbenˈiɾ,n
supeɾbejs,supeɾbenˈiɾ,n
supeɾbajs,supeɾbenˈiɾ,n
supeɾben,supeɾbenˈiɾ,n
supeɾbenas,supeɾbenˈiɾ,n
supeɾbena,supeɾbenˈiɾ,n
supeɾbejs,supeɾbenˈiɾ,n
supeɾbejs,supeɾbenˈiɾ,n
supeɾbejs,supeɾbenˈiɾ,n
supeɾbjejs,supeɾbenˈiɾ,n
supeɾbjejs,supeɾbenˈiɾ,n
supeɾbjejs,supeɾbenˈiɾ,n
supeɾbemos,supeɾbenˈiɾ,n
supeɾbenɡemos,supeɾbenˈiɾ,n
supeɾbemos,supeɾbenˈiɾ,n
supeɾbemos,supeɾbenˈiɾ,n
supeɾbemos,supeɾbenˈiɾ,n
supeɾbenamos,supeɾbenˈiɾ,n
supeɾbenamos,supeɾbenˈiɾ,n
supeɾbemos,supeɾbenˈiɾ,n
supeɾbemos,supeɾbenˈiɾ,n
supeɾbemos,supeɾbenˈiɾ,n
supeɾbemos,supeɾbenˈiɾ,n
supeɾbemos,supeɾbenˈiɾ,n
supeɾbemos,supeɾbenˈiɾ,n
supeɾbemos,supeɾbenˈiɾ,n
supeɾbinamos,supeɾbenˈiɾ,n
supeɾbajs,supeɾbenˈiɾ,n
supeɾbemos,supeɾbenˈiɾ,n
supeɾbemos,supeɾbenˈiɾ,n
supeɾbemos,supeɾbenˈiɾ,n
supeɾbemos,supeɾbenˈiɾ,n
supeɾbemos,supeɾbenˈiɾ,n
supeɾbemos,supeɾbenˈiɾ,n
supeɾbinamos,supeɾbenˈiɾ,n
supeɾbajs,supeɾbenˈiɾ,n
supeɾbemos,supeɾbenˈiɾ,n
supeɾbemos,supeɾbenˈiɾ,n
supeɾbemos,supeɾbenˈiɾ,n
supeɾbemos,supeɾbenˈiɾ,n
supeɾbemos,supeɾbenˈiɾ,n
supeɾbamos,supeɾbenˈiɾ,n
supeɾbajs,supeɾbenˈiɾ,n
supeɾbemos,supeɾbenˈiɾ,n
supeɾbemos,supeɾbenˈiɾ,n
supeɾbemos,supeɾbenˈiɾ,n
supeɾbemos,supeɾbenˈiɾ,n
supeɾbamos,supeɾbenˈiɾ,n
supeɾbajs,supeɾbenˈiɾ,n
supeɾbemos,supeɾbenˈiɾ,n
supeɾbemos,supeɾbenˈiɾ,n
supeɾbemos,supeɾbenˈiɾ,n
supeɾbamos,supeɾbenˈiɾ,n
supeɾbajs,supeɾbenˈiɾ,n
supeɾbemos,supeɾbenˈiɾ,n
supeɾbemos,supeɾbenˈiɾ,n
supeɾbemos,supeɾbenˈiɾ,n
supeɾbajs,supeɾbenˈiɾ,n
supeɾbemos,supeɾbenˈiɾ,n
supeɾbemos,supeɾbenˈiɾ,n
supeɾbemos,supeɾbenˈiɾ,n
supeɾbemos,supeɾbenˈiɾ,n
supeɾbemos,supeɾbenˈiɾ,n
supeɾbemos,supeɾbenˈiɾ,n
supeɾbjemos,supeɾbenˈiɾ,n
supeɾbjemos,supeɾbenˈiɾ,n
supeɾbjemos,supeɾbenˈiɾ,n
supeɾbenɡan,supeɾbenˈiɾ,n
supeɾbenɡas,supeɾbenˈiɾ,n
supeɾbenɡa,supeɾbenˈiɾ,n
supeɾbenɡa,supeɾbenˈiɾ,n
supeɾbenɡan,supeɾbenˈiɾ,n
supeɾbenamos,supeɾbenˈiɾ,n
supeɾbajs,supeɾbenˈiɾ,n
supeɾban,supeɾbenˈiɾ,n
supeɾbas,supeɾbenˈiɾ,n
supeɾba,supeɾbenˈiɾ,n
supeɾbenɡas,supeɾbenˈiɾ,n
supeɾbenɡa,supeɾbenˈiɾ,n
supeɾbenɡa,supeɾbenˈiɾ,n
supeɾbenɡan,supeɾbenˈiɾ,n
supeɾbenamos,supeɾbenˈiɾ,n
supeɾbenajs,supeɾbenˈiɾ,n
supeɾbenan,supeɾbenˈiɾ,n
supeɾbas,supeɾbenˈiɾ,n
supeɾbena,supeɾbenˈiɾ,n
supeɾbenen,supeɾbenˈiɾ,n
supeɾbenen,supeɾbenˈiɾ,n
supeɾbenɡan,supeɾbenˈiɾ,n
supeɾbinen,supeɾbenˈiɾ,n
supeɾbajs,supeɾbenˈiɾ,n
supeɾban,supeɾbenˈiɾ,n
supeɾbas,supeɾbenˈiɾ,n
supeɾba,supeɾbenˈiɾ,n
supeɾbenen,supeɾbenˈiɾ,n
supeɾban,supeɾbenˈiɾ,n
supeɾbinen,supeɾbenˈiɾ,n
supeɾbajs,supeɾbenˈiɾ,n
supeɾban,supeɾbenˈiɾ,n
supeɾbas,supeɾbenˈiɾ,n
supeɾba,supeɾbenˈiɾ,n
supeɾban,supeɾbenˈiɾ,n
supeɾbinen,supeɾbenˈiɾ,n
supeɾbajs,supeɾbenˈiɾ,n
supeɾban,supeɾbenˈiɾ,n
supeɾbas,supeɾbenˈiɾ,n
supeɾba,supeɾbenˈiɾ,n
supeɾbinen,supeɾbenˈiɾ,n
supeɾbajs,supeɾbenˈiɾ,n
supeɾban,supeɾbenˈiɾ,n
supeɾbas,supeɾbenˈiɾ,n
supeɾba,supeɾbenˈiɾ,n
supeɾbajs,supeɾbenˈiɾ,n
supeɾbenan,supeɾbenˈiɾ,n
supeɾbenas,supeɾbenˈiɾ,n
supeɾbena,supeɾbenˈiɾ,n
supeɾban,supeɾbenˈiɾ,n
supeɾbenas,supeɾbenˈiɾ,n
supeɾba,supeɾbenˈiɾ,n
supeɾbjas,supeɾbenˈiɾ,n
supeɾbja,supeɾbenˈiɾ,n
supeɾbja,supeɾbenˈiɾ,n
supeɾbenɡas,supeɾbenˈiɾ,n
supeɾbenɡas,supeɾbenˈiɾ,n
supeɾbenɡas,supeɾbenˈiɾ,n
supeɾbenɡas,supeɾbenˈiɾ,n
supeɾbenɡas,supeɾbenˈiɾ,n
supeɾbenamos,supeɾbenˈiɾ,n
supeɾbajs,supeɾbenˈiɾ,n
supeɾbas,supeɾbenˈiɾ,n
supeɾbenɡas,supeɾbenˈiɾ,n
supeɾba,supeɾbenˈiɾ,n
supeɾbenɡas,supeɾbenˈiɾ,n
supeɾbenɡas,supeɾbenˈiɾ,n
supeɾbenɡas,supeɾbenˈiɾ,n
supeɾbenɡas,supeɾbenˈiɾ,n
supeɾbenamos,supeɾbenˈiɾ,n
supeɾbenajs,supeɾbenˈiɾ,n
supeɾbenes,supeɾbenˈiɾ,n
supeɾbenɡas,supeɾbenˈiɾ,n
supeɾba,supeɾbenˈiɾ,n
supeɾbenɡas,supeɾbenˈiɾ,n
supeɾbenɡas,supeɾbenˈiɾ,n
supeɾbenɡas,supeɾbenˈiɾ,n
supeɾbines,supeɾbenˈiɾ,n
supeɾbajs,supeɾbenˈiɾ,n
supeɾbas,supeɾbenˈiɾ,n
supeɾbas,supeɾbenˈiɾ,n
supeɾbas,supeɾbenˈiɾ,n
supeɾbenes,supeɾbenˈiɾ,n
supeɾbes,supeɾbenˈiɾ,n
supeɾbines,supeɾbenˈiɾ,n
supeɾbajs,supeɾbenˈiɾ,n
supeɾbas,supeɾbenˈiɾ,n
supeɾbas,supeɾbenˈiɾ,n
supeɾbas,supeɾbenˈiɾ,n
supeɾbenes,supeɾbenˈiɾ,n
supeɾbines,supeɾbenˈiɾ,n
supeɾbajs,supeɾbenˈiɾ,n
supeɾbas,supeɾbenˈiɾ,n
supeɾbas,supeɾbenˈiɾ,n
supeɾbas,supeɾbenˈiɾ,n
supeɾbamos,supeɾbenˈiɾ,n
supeɾbajs,supeɾbenˈiɾ,n
supeɾbas,supeɾbenˈiɾ,n
supeɾbas,supeɾbenˈiɾ,n
supeɾbas,supeɾbenˈiɾ,n
supeɾbajs,supeɾbenˈiɾ,n
supeɾben,supeɾbenˈiɾ,n
supeɾbenas,supeɾbenˈiɾ,n
supeɾbenas,supeɾbenˈiɾ,n
supeɾben,supeɾbenˈiɾ,n
supeɾbas,supeɾbenˈiɾ,n
supeɾbas,supeɾbenˈiɾ,n
supeɾbjas,supeɾbenˈiɾ,n
supeɾbjas,supeɾbenˈiɾ,n
supeɾbjas,supeɾbenˈiɾ,n
supeɾbenɡa,supeɾbenˈiɾ,n
supeɾbenɡa,supeɾbenˈiɾ,n
supeɾbenɡa,supeɾbenˈiɾ,n
supeɾbenɡa,supeɾbenˈiɾ,n
supeɾbenɡa,supeɾbenˈiɾ,n
supeɾbine,supeɾbenˈiɾ,n
supeɾbenajs,supeɾbenˈiɾ,n
supeɾban,supeɾbenˈiɾ,n
supeɾbas,supeɾbenˈiɾ,n
supeɾba,supeɾbenˈiɾ,n
supeɾbenɡa,supeɾbenˈiɾ,n
supeɾbenɡas,supeɾbenˈiɾ,n
supeɾbenɡa,supeɾbenˈiɾ,n
supeɾbenɡa,supeɾbenˈiɾ,n
supeɾbine,supeɾbenˈiɾ,n
supeɾbenajs,supeɾbenˈiɾ,n
supeɾban,supeɾbenˈiɾ,n
supeɾbenɡas,supeɾbenˈiɾ,n
supeɾbena,supeɾbenˈiɾ,n
supeɾbenɡa,supeɾbenˈiɾ,n
supeɾbene,supeɾbenˈiɾ,n
supeɾbenɡa,supeɾbenˈiɾ,n
supeɾbine,supeɾbenˈiɾ,n
supeɾbajs,supeɾbenˈiɾ,n
supeɾban,supeɾbenˈiɾ,n
supeɾbas,supeɾbenˈiɾ,n
supeɾba,supeɾbenˈiɾ,n
supeɾbene,supeɾbenˈiɾ,n
supeɾbenɡa,supeɾbenˈiɾ,n
supeɾbine,supeɾbenˈiɾ,n
supeɾbajs,supeɾbenˈiɾ,n
supeɾban,supeɾbenˈiɾ,n
supeɾbas,supeɾbenˈiɾ,n
supeɾba,supeɾbenˈiɾ,n
supeɾbene,supeɾbenˈiɾ,n
supeɾbine,supeɾbenˈiɾ,n
supeɾbajs,supeɾbenˈiɾ,n
supeɾba,supeɾbenˈiɾ,n
supeɾbas,supeɾbenˈiɾ,n
supeɾba,supeɾbenˈiɾ,n
supeɾbine,supeɾbenˈiɾ,n
supeɾbajs,supeɾbenˈiɾ,n
supeɾba,supeɾbenˈiɾ,n
supeɾbas,supeɾbenˈiɾ,n
supeɾba,supeɾbenˈiɾ,n
supeɾbenajs,supeɾbenˈiɾ,n
supeɾbenan,supeɾbenˈiɾ,n
supeɾbenas,supeɾbenˈiɾ,n
supeɾbena,supeɾbenˈiɾ,n
supeɾbena,supeɾbenˈiɾ,n
supeɾbas,supeɾbenˈiɾ,n
supeɾba,supeɾbenˈiɾ,n
supeɾbjas,supeɾbenˈiɾ,n
supeɾbja,supeɾbenˈiɾ,n
supeɾbja,supeɾbenˈiɾ,n
supeɾbenɡa,supeɾbenˈiɾ,n
supeɾbenɡa,supeɾbenˈiɾ,n
supeɾbenɡa,supeɾbenˈiɾ,n
supeɾbenɡa,supeɾbenˈiɾ,n
supeɾbenɡa,supeɾbenˈiɾ,n
supeɾbine,supeɾbenˈiɾ,n
supeɾbenajs,supeɾbenˈiɾ,n
supeɾban,supeɾbenˈiɾ,n
supeɾbas,supeɾbenˈiɾ,n
supeɾba,supeɾbenˈiɾ,n
supeɾbenɡa,supeɾbenˈiɾ,n
supeɾbenɡas,supeɾbenˈiɾ,n
supeɾbenɡa,supeɾbenˈiɾ,n
supeɾbenɡa,supeɾbenˈiɾ,n
supeɾbine,supeɾbenˈiɾ,n
supeɾbenajs,supeɾbenˈiɾ,n
supeɾban,supeɾbenˈiɾ,n
supeɾbenɡas,supeɾbenˈiɾ,n
supeɾbena,supeɾbenˈiɾ,n
supeɾbenɡa,supeɾbenˈiɾ,n
supeɾbene,supeɾbenˈiɾ,n
supeɾbenɡa,supeɾbenˈiɾ,n
supeɾbine,supeɾbenˈiɾ,n
supeɾbajs,supeɾbenˈiɾ,n
supeɾbena,supeɾbenˈiɾ,n
supeɾbas,supeɾbenˈiɾ,n
supeɾba,supeɾbenˈiɾ,n
supeɾbene,supeɾbenˈiɾ,n
supeɾbenɡa,supeɾbenˈiɾ,n
supeɾbine,supeɾbenˈiɾ,n
supeɾbajs,supeɾbenˈiɾ,n
supeɾbena,supeɾbenˈiɾ,n
supeɾbas,supeɾbenˈiɾ,n
supeɾba,supeɾbenˈiɾ,n
supeɾbene,supeɾbenˈiɾ,n
supeɾbine,supeɾbenˈiɾ,n
supeɾbajs,supeɾbenˈiɾ,n
supeɾba,supeɾbenˈiɾ,n
supeɾbas,supeɾbenˈiɾ,n
supeɾba,supeɾbenˈiɾ,n
supeɾbine,supeɾbenˈiɾ,n
supeɾbajs,supeɾbenˈiɾ,n
supeɾba,supeɾbenˈiɾ,n
supeɾbas,supeɾbenˈiɾ,n
supeɾba,supeɾbenˈiɾ,n
supeɾbenajs,supeɾbenˈiɾ,n
supeɾbena,supeɾbenˈiɾ,n
supeɾbenas,supeɾbenˈiɾ,n
supeɾbena,supeɾbenˈiɾ,n
supeɾbena,supeɾbenˈiɾ,n
supeɾbas,supeɾbenˈiɾ,n
supeɾba,supeɾbenˈiɾ,n
supeɾbjas,supeɾbenˈiɾ,n
supeɾbja,supeɾbenˈiɾ,n
supeɾbja,supeɾbenˈiɾ,n
supeɾbenɡo,supeɾbenˈiɾ,n
supeɾbenɡo,supeɾbenˈiɾ,n
supeɾbenɡo,supeɾbenˈiɾ,n
supeɾbenɡo,supeɾbenˈiɾ,n
supeɾbenɡo,supeɾbenˈiɾ,n
supeɾbenamos,supeɾbenˈiɾ,n
supeɾbajs,supeɾbenˈiɾ,n
supeɾbeno,supeɾbenˈiɾ,n
supeɾbenɡo,supeɾbenˈiɾ,n
supeɾbo,supeɾbenˈiɾ,n
supeɾbenɡo,supeɾbenˈiɾ,n
supeɾbenɡo,supeɾbenˈiɾ,n
supeɾbenɡo,supeɾbenˈiɾ,n
supeɾbenɡo,supeɾbenˈiɾ,n
supeɾbenamos,supeɾbenˈiɾ,n
supeɾbenajs,supeɾbenˈiɾ,n
supeɾbenɡo,supeɾbenˈiɾ,n
supeɾbenɡo,supeɾbenˈiɾ,n
supeɾbenɡo,supeɾbenˈiɾ,n
supeɾbenɡo,supeɾbenˈiɾ,n
supeɾbenɡo,supeɾbenˈiɾ,n
supeɾbenɡo,supeɾbenˈiɾ,n
supeɾbenamos,supeɾbenˈiɾ,n
supeɾbajs,supeɾbenˈiɾ,n
supeɾbeno,supeɾbenˈiɾ,n
supeɾbenɡo,supeɾbenˈiɾ,n
supeɾbo,supeɾbenˈiɾ,n
supeɾbenɡo,supeɾbenˈiɾ,n
supeɾbenɡo,supeɾbenˈiɾ,n
supeɾbenamos,supeɾbenˈiɾ,n
supeɾbajs,supeɾbenˈiɾ,n
supeɾbeno,supeɾbenˈiɾ,n
supeɾbenɡo,supeɾbenˈiɾ,n
supeɾbo,supeɾbenˈiɾ,n
supeɾbenɡo,supeɾbenˈiɾ,n
supeɾbamos,supeɾbenˈiɾ,n
supeɾbajs,supeɾbenˈiɾ,n
supeɾbeno,supeɾbenˈiɾ,n
supeɾbo,supeɾbenˈiɾ,n
supeɾbo,supeɾbenˈiɾ,n
supeɾbamos,supeɾbenˈiɾ,n
supeɾbajs,supeɾbenˈiɾ,n
supeɾbeno,supeɾbenˈiɾ,n
supeɾbo,supeɾbenˈiɾ,n
supeɾbo,supeɾbenˈiɾ,n
supeɾbenajs,supeɾbenˈiɾ,n
supeɾbeno,supeɾbenˈiɾ,n
supeɾbeno,supeɾbenˈiɾ,n
supeɾbeno,supeɾbenˈiɾ,n
supeɾbeno,supeɾbenˈiɾ,n
supeɾbeno,supeɾbenˈiɾ,n
supeɾbeno,supeɾbenˈiɾ,n
supeɾbjo,supeɾbenˈiɾ,n
supeɾbjo,supeɾbenˈiɾ,n
supeɾbjo,supeɾbenˈiɾ,n
supeɾbenɡamos,supeɾbenˈiɾ,n
supeɾbenɡamos,supeɾbenˈiɾ,n
supeɾbenɡamos,supeɾbenˈiɾ,n
supeɾbamos,supeɾbenˈiɾ,n
supeɾbamos,supeɾbenˈiɾ,n
supeɾbamos,supeɾbenˈiɾ,n
supeɾbamos,supeɾbenˈiɾ,n
supeɾbamos,supeɾbenˈiɾ,n
supeɾbamos,supeɾbenˈiɾ,n
supeɾbamos,supeɾbenˈiɾ,n
supeɾbenɡamos,supeɾbenˈiɾ,n
supeɾbenɡamos,supeɾbenˈiɾ,n
supeɾbamos,supeɾbenˈiɾ,n
supeɾbamos,supeɾbenˈiɾ,n
supeɾbamos,supeɾbenˈiɾ,n
supeɾbenamos,supeɾbenˈiɾ,n
supeɾbemos,supeɾbenˈiɾ,n
supeɾbemos,supeɾbenˈiɾ,n
supeɾbamos,supeɾbenˈiɾ,n
supeɾbamos,supeɾbenˈiɾ,n
supeɾbamos,supeɾbenˈiɾ,n
supeɾbamos,supeɾbenˈiɾ,n
supeɾbamos,supeɾbenˈiɾ,n
supeɾbamos,supeɾbenˈiɾ,n
supeɾbamos,supeɾbenˈiɾ,n
supeɾbamos,supeɾbenˈiɾ,n
supeɾbamos,supeɾbenˈiɾ,n
supeɾbamos,supeɾbenˈiɾ,n
supeɾbamos,supeɾbenˈiɾ,n
supeɾbamos,supeɾbenˈiɾ,n
supeɾbamos,supeɾbenˈiɾ,n
supeɾbamos,supeɾbenˈiɾ,n
supeɾbamos,supeɾbenˈiɾ,n
supeɾbamos,supeɾbenˈiɾ,n
supeɾbamos,supeɾbenˈiɾ,n
supeɾbamos,supeɾbenˈiɾ,n
supeɾbamos,supeɾbenˈiɾ,n
supeɾbamos,supeɾbenˈiɾ,n
supeɾbamos,supeɾbenˈiɾ,n
supeɾbamos,supeɾbenˈiɾ,n
supeɾbamos,supeɾbenˈiɾ,n
supeɾbamos,supeɾbenˈiɾ,n
supeɾbamos,supeɾbenˈiɾ,n
supeɾbamos,supeɾbenˈiɾ,n
supeɾbamos,supeɾbenˈiɾ,n
supeɾbamos,supeɾbenˈiɾ,n
supeɾbamos,supeɾbenˈiɾ,n
supeɾbamos,supeɾbenˈiɾ,n
supeɾbamos,supeɾbenˈiɾ,n
supeɾbamos,supeɾbenˈiɾ,n
supeɾbamos,supeɾbenˈiɾ,n
supeɾbamos,supeɾbenˈiɾ,n
supeɾbjamos,supeɾbenˈiɾ,n
supeɾbjamos,supeɾbenˈiɾ,n
supeɾbjamos,supeɾbenˈiɾ,n
supeɾbenɡajs,supeɾbenˈiɾ,n
supeɾbajs,supeɾbenˈiɾ,n
supeɾbajs,supeɾbenˈiɾ,n
supeɾbajs,supeɾbenˈiɾ,n
supeɾbajs,supeɾbenˈiɾ,n
supeɾbajs,supeɾbenˈiɾ,n
supeɾbenajs,supeɾbenˈiɾ,n
supeɾbajs,supeɾbenˈiɾ,n
supeɾbajs,supeɾbenˈiɾ,n
supeɾbajs,supeɾbenˈiɾ,n
supeɾbenɡajs,supeɾbenˈiɾ,n
supeɾbajs,supeɾbenˈiɾ,n
supeɾbenɡajs,supeɾbenˈiɾ,n
supeɾbenɡajs,supeɾbenˈiɾ,n
supeɾbenɡajs,supeɾbenˈiɾ,n
supeɾbenajs,supeɾbenˈiɾ,n
supeɾbejs,supeɾbenˈiɾ,n
supeɾbejs,supeɾbenˈiɾ,n
supeɾbajs,supeɾbenˈiɾ,n
supeɾbajs,supeɾbenˈiɾ,n
supeɾbajs,supeɾbenˈiɾ,n
supeɾbajs,supeɾbenˈiɾ,n
supeɾbajs,supeɾbenˈiɾ,n
supeɾbajs,supeɾbenˈiɾ,n
supeɾbajs,supeɾbenˈiɾ,n
supeɾbajs,supeɾbenˈiɾ,n
supeɾbajs,supeɾbenˈiɾ,n
supeɾbajs,supeɾbenˈiɾ,n
supeɾbajs,supeɾbenˈiɾ,n
supeɾbajs,supeɾbenˈiɾ,n
supeɾbajs,supeɾbenˈiɾ,n
supeɾbajs,supeɾbenˈiɾ,n
supeɾbajs,supeɾbenˈiɾ,n
supeɾbajs,supeɾbenˈiɾ,n
supeɾbajs,supeɾbenˈiɾ,n
supeɾbajs,supeɾbenˈiɾ,n
supeɾbajs,supeɾbenˈiɾ,n
supeɾbajs,supeɾbenˈiɾ,n
supeɾbajs,supeɾbenˈiɾ,n
supeɾbajs,supeɾbenˈiɾ,n
supeɾbajs,supeɾbenˈiɾ,n
supeɾbajs,supeɾbenˈiɾ,n
supeɾbajs,supeɾbenˈiɾ,n
supeɾbajs,supeɾbenˈiɾ,n
supeɾbajs,supeɾbenˈiɾ,n
supeɾbajs,supeɾbenˈiɾ,n
supeɾbajs,supeɾbenˈiɾ,n
supeɾbajs,supeɾbenˈiɾ,n
supeɾbajs,supeɾbenˈiɾ,n
supeɾbajs,supeɾbenˈiɾ,n
supeɾbajs,supeɾbenˈiɾ,n
supeɾbajs,supeɾbenˈiɾ,n
supeɾbjajs,supeɾbenˈiɾ,n
supeɾbjajs,supeɾbenˈiɾ,n
supeɾbjajs,supeɾbenˈiɾ,n
supeɾbenɡan,supeɾbenˈiɾ,n
supeɾbenɡan,supeɾbenˈiɾ,n
supeɾbenɡan,supeɾbenˈiɾ,n
supeɾbenɡan,supeɾbenˈiɾ,n
supeɾbenɡan,supeɾbenˈiɾ,n
supeɾbenɡan,supeɾbenˈiɾ,n
supeɾbinan,supeɾbenˈiɾ,n
supeɾbajs,supeɾbenˈiɾ,n
supeɾbas,supeɾbenˈiɾ,n
supeɾba,supeɾbenˈiɾ,n
supeɾbenɡan,supeɾbenˈiɾ,n
supeɾbenɡan,supeɾbenˈiɾ,n
supeɾbenɡan,supeɾbenˈiɾ,n
supeɾbenɡan,supeɾbenˈiɾ,n
supeɾbenɡan,supeɾbenˈiɾ,n
supeɾbinan,supeɾbenˈiɾ,n
supeɾbenajs,supeɾbenˈiɾ,n
supeɾbenɡas,supeɾbenˈiɾ,n
supeɾbena,supeɾbenˈiɾ,n
supeɾbenɡan,supeɾbenˈiɾ,n
supeɾbenɡan,supeɾbenˈiɾ,n
supeɾbenɡan,supeɾbenˈiɾ,n
supeɾbenɡan,supeɾbenˈiɾ,n
supeɾbinan,supeɾbenˈiɾ,n
supeɾbajs,supeɾbenˈiɾ,n
supeɾban,supeɾbenˈiɾ,n
supeɾban,supeɾbenˈiɾ,n
supeɾbenɡan,supeɾbenˈiɾ,n
supeɾbenɡan,supeɾbenˈiɾ,n
supeɾbenɡan,supeɾbenˈiɾ,n
supeɾbinan,supeɾbenˈiɾ,n
supeɾbajs,supeɾbenˈiɾ,n
supeɾban,supeɾbenˈiɾ,n
supeɾban,supeɾbenˈiɾ,n
supeɾbenɡan,supeɾbenˈiɾ,n
supeɾbenɡan,supeɾbenˈiɾ,n
supeɾbinan,supeɾbenˈiɾ,n
supeɾbajs,supeɾbenˈiɾ,n
supeɾban,supeɾbenˈiɾ,n
supeɾban,supeɾbenˈiɾ,n
supeɾbenɡan,supeɾbenˈiɾ,n
supeɾbinan,supeɾbenˈiɾ,n
supeɾbajs,supeɾbenˈiɾ,n
supeɾban,supeɾbenˈiɾ,n
supeɾban,supeɾbenˈiɾ,n
supeɾbinan,supeɾbenˈiɾ,n
supeɾbajs,supeɾbenˈiɾ,n
supeɾban,supeɾbenˈiɾ,n
supeɾban,supeɾbenˈiɾ,n
supeɾbajs,supeɾbenˈiɾ,n
supeɾbenas,supeɾbenˈiɾ,n
supeɾbenan,supeɾbenˈiɾ,n
supeɾbenan,supeɾbenˈiɾ,n
supeɾban,supeɾbenˈiɾ,n
supeɾbjan,supeɾbenˈiɾ,n
supeɾbenɡas,supeɾbenˈiɾ,n
supeɾbenɡas,supeɾbenˈiɾ,n
supeɾbenɡas,supeɾbenˈiɾ,n
supeɾbenɡas,supeɾbenˈiɾ,n
supeɾbenɡas,supeɾbenˈiɾ,n
supeɾbenɡas,supeɾbenˈiɾ,n
supeɾbinas,supeɾbenˈiɾ,n
supeɾbajs,supeɾbenˈiɾ,n
supeɾbenas,supeɾbenˈiɾ,n
supeɾbenas,supeɾbenˈiɾ,n
supeɾbenɡas,supeɾbenˈiɾ,n
supeɾbenɡas,supeɾbenˈiɾ,n
supeɾbenɡas,supeɾbenˈiɾ,n
supeɾbenɡas,supeɾbenˈiɾ,n
supeɾbenɡas,supeɾbenˈiɾ,n
supeɾbinas,supeɾbenˈiɾ,n
supeɾbenajs,supeɾbenˈiɾ,n
supeɾbenas,supeɾbenˈiɾ,n
supeɾbenas,supeɾbenˈiɾ,n
supeɾbenɡas,supeɾbenˈiɾ,n
supeɾbenas,supeɾbenˈiɾ,n
supeɾbenas,supeɾbenˈiɾ,n
supeɾbenɡas,supeɾbenˈiɾ,n
supeɾbinas,supeɾbenˈiɾ,n
supeɾbajs,supeɾbenˈiɾ,n
supeɾbas,supeɾbenˈiɾ,n
supeɾbas,supeɾbenˈiɾ,n
supeɾbenɡas,supeɾbenˈiɾ,n
supeɾbenɡas,supeɾbenˈiɾ,n
supeɾbenɡas,supeɾbenˈiɾ,n
supeɾbinas,supeɾbenˈiɾ,n
supeɾbajs,supeɾbenˈiɾ,n
supeɾbas,supeɾbenˈiɾ,n
supeɾbas,supeɾbenˈiɾ,n
supeɾbenas,supeɾbenˈiɾ,n
supeɾbas,supeɾbenˈiɾ,n
supeɾbinas,supeɾbenˈiɾ,n
supeɾbajs,supeɾbenˈiɾ,n
supeɾbas,supeɾbenˈiɾ,n
supeɾbas,supeɾbenˈiɾ,n
supeɾbas,supeɾbenˈiɾ,n
supeɾbinas,supeɾbenˈiɾ,n
supeɾbajs,supeɾbenˈiɾ,n
supeɾbas,supeɾbenˈiɾ,n
supeɾbas,supeɾbenˈiɾ,n
supeɾbinas,supeɾbenˈiɾ,n
supeɾbajs,supeɾbenˈiɾ,n
supeɾbas,supeɾbenˈiɾ,n
supeɾbas,supeɾbenˈiɾ,n
supeɾbajs,supeɾbenˈiɾ,n
supeɾbenas,supeɾbenˈiɾ,n
supeɾbenas,supeɾbenˈiɾ,n
supeɾbas,supeɾbenˈiɾ,n
supeɾbeas,supeɾbenˈiɾ,n
supeɾbjas,supeɾbenˈiɾ,n
supeɾbenɡa,supeɾbenˈiɾ,n
supeɾbenɡa,supeɾbenˈiɾ,n
supeɾbenɡa,supeɾbenˈiɾ,n
supeɾbenɡa,supeɾbenˈiɾ,n
supeɾbenɡa,supeɾbenˈiɾ,n
supeɾbenɡa,supeɾbenˈiɾ,n
supeɾbina,supeɾbenˈiɾ,n
supeɾbenajs,supeɾbenˈiɾ,n
supeɾbena,supeɾbenˈiɾ,n
supeɾbenɡa,supeɾbenˈiɾ,n
supeɾbenɡa,supeɾbenˈiɾ,n
supeɾbenɡa,supeɾbenˈiɾ,n
supeɾbenɡa,supeɾbenˈiɾ,n
supeɾbenɡa,supeɾbenˈiɾ,n
supeɾbenɡa,supeɾbenˈiɾ,n
supeɾbina,supeɾbenˈiɾ,n
supeɾbenajs,supeɾbenˈiɾ,n
supeɾbena,supeɾbenˈiɾ,n
supeɾbenas,supeɾbenˈiɾ,n
supeɾbenɡa,supeɾbenˈiɾ,n
supeɾbena,supeɾbenˈiɾ,n
supeɾbenɡa,supeɾbenˈiɾ,n
supeɾbenɡa,supeɾbenˈiɾ,n
supeɾbina,supeɾbenˈiɾ,n
supeɾbajs,supeɾbenˈiɾ,n
supeɾbena,supeɾbenˈiɾ,n
supeɾba,supeɾbenˈiɾ,n
supeɾbenɡa,supeɾbenˈiɾ,n
supeɾbenɡa,supeɾbenˈiɾ,n
supeɾbenɡa,supeɾbenˈiɾ,n
supeɾbina,supeɾbenˈiɾ,n
supeɾbajs,supeɾbenˈiɾ,n
supeɾbena,supeɾbenˈiɾ,n
supeɾba,supeɾbenˈiɾ,n
supeɾbena,supeɾbenˈiɾ,n
supeɾbena,supeɾbenˈiɾ,n
supeɾbina,supeɾbenˈiɾ,n
supeɾbajs,supeɾbenˈiɾ,n
supeɾba,supeɾbenˈiɾ,n
supeɾba,supeɾbenˈiɾ,n
supeɾbenɡa,supeɾbenˈiɾ,n
supeɾbina,supeɾbenˈiɾ,n
supeɾbajs,supeɾbenˈiɾ,n
supeɾba,supeɾbenˈiɾ,n
supeɾba,supeɾbenˈiɾ,n
supeɾbina,supeɾbenˈiɾ,n
supeɾbajs,supeɾbenˈiɾ,n
supeɾba,supeɾbenˈiɾ,n
supeɾba,supeɾbenˈiɾ,n
supeɾbenajs,supeɾbenˈiɾ,n
supeɾbena,supeɾbenˈiɾ,n
supeɾbenas,supeɾbenˈiɾ,n
supeɾbena,supeɾbenˈiɾ,n
supeɾbena,supeɾbenˈiɾ,n
supeɾbja,supeɾbenˈiɾ,n
meɾseajs,meɾesˈeɾ,s
meɾseajs,meɾesˈeɾ,s
meɾesajs,meɾesˈeɾ,s
meɾseskajs,meɾesˈeɾ,s
meɾseajs,meɾesˈeɾ,s
meɾeskajs,meɾesˈeɾ,s
meɾseskajs,meɾesˈeɾ,s
meɾeskajs,meɾesˈeɾ,s
meɾeskajs,meɾesˈeɾ,s
meɾeskajs,meɾesˈeɾ,s
meɾesajs,meɾesˈeɾ,s
meɾesajs,meɾesˈeɾ,s
meɾeskajs,meɾesˈeɾ,s
meɾeskajs,meɾesˈeɾ,s
meɾeskajs,meɾesˈeɾ,s
meɾeskajs,meɾesˈeɾ,s
meɾeskajs,meɾesˈeɾ,s
meɾeskajs,meɾesˈeɾ,s
meɾeskajs,meɾesˈeɾ,s
meɾesajs,meɾesˈeɾ,s
meɾeskajs,meɾesˈeɾ,s
meɾeskajs,meɾesˈeɾ,s
meɾeskajs,meɾesˈeɾ,s
meɾeskajs,meɾesˈeɾ,s
meɾeskajs,meɾesˈeɾ,s
meɾeskajs,meɾesˈeɾ,s
meɾeskajs,meɾesˈeɾ,s
meɾesjajs,meɾesˈeɾ,s
meɾeskajs,meɾesˈeɾ,s
meɾeskajs,meɾesˈeɾ,s
meɾeskajs,meɾesˈeɾ,s
meɾeskajs,meɾesˈeɾ,s
meɾeskajs,meɾesˈeɾ,s
meɾeskajs,meɾesˈeɾ,s
meɾsekajs,meɾesˈeɾ,s
meɾsekajs,meɾesˈeɾ,s
meɾskajs,meɾesˈeɾ,s
meɾskajs,meɾesˈeɾ,s
meɾskajs,meɾesˈeɾ,s
meɾsekajs,meɾesˈeɾ,s
meɾsekajs,meɾesˈeɾ,s
meɾsekajs,meɾesˈeɾ,s
meɾsekajs,meɾesˈeɾ,s
meɾsekajs,meɾesˈeɾ,s
meɾsekajs,meɾesˈeɾ,s
meɾeskajs,meɾesˈeɾ,s
meɾeskajs,meɾesˈeɾ,s
meɾeskajs,meɾesˈeɾ,s
meɾeskajs,meɾesˈeɾ,s
meɾeskajs,meɾesˈeɾ,s
meɾeskajs,meɾesˈeɾ,s
meɾeskajs,meɾesˈeɾ,s
meɾeskajs,meɾesˈeɾ,s
meɾeskajs,meɾesˈeɾ,s
meɾeskajs,meɾesˈeɾ,s
meɾseamos,meɾesˈeɾ,s
meɾseamos,meɾesˈeɾ,s
meɾseamos,meɾesˈeɾ,s
meɾskamos,meɾesˈeɾ,s
meɾseskamos,meɾesˈeɾ,s
meɾseamos,meɾesˈeɾ,s
meɾskamos,meɾesˈeɾ,s
meɾseamos,meɾesˈeɾ,s
meɾseamos,meɾesˈeɾ,s
meɾseamos,meɾesˈeɾ,s
meɾesamos,meɾesˈeɾ,s
meɾesamos,meɾesˈeɾ,s
meɾkesamos,meɾesˈeɾ,s
meɾeskamos,meɾesˈeɾ,s
meɾeskamos,meɾesˈeɾ,s
meɾeskamos,meɾesˈeɾ,s
meɾeskamos,meɾesˈeɾ,s
meɾeskamos,meɾesˈeɾ,s
meɾeskamos,meɾesˈeɾ,s
meɾesamos,meɾesˈeɾ,s
meɾkesamos,meɾesˈeɾ,s
meɾeskamos,meɾesˈeɾ,s
meɾeskamos,meɾesˈeɾ,s
meɾeskamos,meɾesˈeɾ,s
meɾeskamos,meɾesˈeɾ,s
meɾeskamos,meɾesˈeɾ,s
meɾeskamos,meɾesˈeɾ,s
meɾkesamos,meɾesˈeɾ,s
meɾeskamos,meɾesˈeɾ,s
meɾkesamos,meɾesˈeɾ,s
meɾeskamos,meɾesˈeɾ,s
meɾeskamos,meɾesˈeɾ,s
meɾeskamos,meɾesˈeɾ,s
meɾeskamos,meɾesˈeɾ,s
meɾskamos,meɾesˈeɾ,s
meɾskamos,meɾesˈeɾ,s
meɾskamos,meɾesˈeɾ,s
meɾskamos,meɾesˈeɾ,s
meɾskamos,meɾesˈeɾ,s
meɾskamos,meɾesˈeɾ,s
meɾsekamos,meɾesˈeɾ,s
meɾskamos,meɾesˈeɾ,s
meɾskamos,meɾesˈeɾ,s
meɾskamos,meɾesˈeɾ,s
meɾskamos,meɾesˈeɾ,s
meɾeskamos,meɾesˈeɾ,s
meɾeskamos,meɾesˈeɾ,s
meɾeskamos,meɾesˈeɾ,s
meɾeskamos,meɾesˈeɾ,s
meɾeskamos,meɾesˈeɾ,s
meɾeskamos,meɾesˈeɾ,s
meɾeskamos,meɾesˈeɾ,s
meɾeskamos,meɾesˈeɾ,s
meɾeskamos,meɾesˈeɾ,s
meɾeskamos,meɾesˈeɾ,s
meɾsesan,meɾesˈeɾ,s
meɾsan,meɾesˈeɾ,s
meɾsan,meɾesˈeɾ,s
meɾeskan,meɾesˈeɾ,s
meɾskean,meɾesˈeɾ,s
meɾeskan,meɾesˈeɾ,s
meɾseskan,meɾesˈeɾ,s
meɾeskan,meɾesˈeɾ,s
meɾeskan,meɾesˈeɾ,s
meɾeskan,meɾesˈeɾ,s
meɾesan,meɾesˈeɾ,s
meɾesan,meɾesˈeɾ,s
meɾeskan,meɾesˈeɾ,s
meɾseskan,meɾesˈeɾ,s
meɾeskan,meɾesˈeɾ,s
meɾeskan,meɾesˈeɾ,s
meɾeskan,meɾesˈeɾ,s
meɾeskan,meɾesˈeɾ,s
meɾeskan,meɾesˈeɾ,s
meɾesan,meɾesˈeɾ,s
meɾeskan,meɾesˈeɾ,s
meɾkesan,meɾesˈeɾ,s
meɾeskan,meɾesˈeɾ,s
meɾeskan,meɾesˈeɾ,s
meɾeskan,meɾesˈeɾ,s
meɾeskan,meɾesˈeɾ,s
meɾeskan,meɾesˈeɾ,s
meɾesjan,meɾesˈeɾ,s
meɾkesan,meɾesˈeɾ,s
meɾeskan,meɾesˈeɾ,s
meɾeskan,meɾesˈeɾ,s
meɾeskan,meɾesˈeɾ,s
meɾeskan,meɾesˈeɾ,s
meɾkan,meɾesˈeɾ,s
meɾskean,meɾesˈeɾ,s
meɾskean,meɾesˈeɾ,s
meɾskean,meɾesˈeɾ,s
meɾskean,meɾesˈeɾ,s
meɾskean,meɾesˈeɾ,s
meɾskean,meɾesˈeɾ,s
meɾskean,meɾesˈeɾ,s
meɾskean,meɾesˈeɾ,s
meɾskean,meɾesˈeɾ,s
meɾskean,meɾesˈeɾ,s
meɾskean,meɾesˈeɾ,s
meɾeskan,meɾesˈeɾ,s
meɾeskan,meɾesˈeɾ,s
meɾeskan,meɾesˈeɾ,s
meɾeskan,meɾesˈeɾ,s
meɾeskan,meɾesˈeɾ,s
meɾeskan,meɾesˈeɾ,s
meɾeskan,meɾesˈeɾ,s
meɾeskan,meɾesˈeɾ,s
meɾeskan,meɾesˈeɾ,s
meɾeskan,meɾesˈeɾ,s
meɾseas,meɾesˈeɾ,s
meɾesas,meɾesˈeɾ,s
meɾsas,meɾesˈeɾ,s
meɾeskas,meɾesˈeɾ,s
meɾskeas,meɾesˈeɾ,s
meɾeskas,meɾesˈeɾ,s
meɾseskas,meɾesˈeɾ,s
meɾeskas,meɾesˈeɾ,s
meɾeskas,meɾesˈeɾ,s
meɾeskas,meɾesˈeɾ,s
meɾesas,meɾesˈeɾ,s
meɾesas,meɾesˈeɾ,s
meɾeskas,meɾesˈeɾ,s
meɾseskas,meɾesˈeɾ,s
meɾeskas,meɾesˈeɾ,s
meɾeskas,meɾesˈeɾ,s
meɾeskas,meɾesˈeɾ,s
meɾeskas,meɾesˈeɾ,s
meɾeskas,meɾesˈeɾ,s
meɾesas,meɾesˈeɾ,s
meɾesjas,meɾesˈeɾ,s
meɾkesas,meɾesˈeɾ,s
meɾeskas,meɾesˈeɾ,s
meɾeskas,meɾesˈeɾ,s
meɾeskas,meɾesˈeɾ,s
meɾeskas,meɾesˈeɾ,s
meɾeskas,meɾesˈeɾ,s
meɾesjas,meɾesˈeɾ,s
meɾesas,meɾesˈeɾ,s
meɾeskas,meɾesˈeɾ,s
meɾeskas,meɾesˈeɾ,s
meɾeskas,meɾesˈeɾ,s
meɾeskas,meɾesˈeɾ,s
meɾeskas,meɾesˈeɾ,s
meɾskeas,meɾesˈeɾ,s
meɾskeas,meɾesˈeɾ,s
meɾskeas,meɾesˈeɾ,s
meɾskeas,meɾesˈeɾ,s
meɾskeas,meɾesˈeɾ,s
meɾskeas,meɾesˈeɾ,s
meɾskeas,meɾesˈeɾ,s
meɾskeas,meɾesˈeɾ,s
meɾskeas,meɾesˈeɾ,s
meɾskeas,meɾesˈeɾ,s
meɾskeas,meɾesˈeɾ,s
meɾeskas,meɾesˈeɾ,s
meɾeskas,meɾesˈeɾ,s
meɾeskas,meɾesˈeɾ,s
meɾeskas,meɾesˈeɾ,s
meɾeskas,meɾesˈeɾ,s
meɾeskas,meɾesˈeɾ,s
meɾeskas,meɾesˈeɾ,s
meɾeskas,meɾesˈeɾ,s
meɾeskas,meɾesˈeɾ,s
meɾeskas,meɾesˈeɾ,s
meɾsea,meɾesˈeɾ,s
meɾesa,meɾesˈeɾ,s
meɾsa,meɾesˈeɾ,s
meɾskea,meɾesˈeɾ,s
meɾskea,meɾesˈeɾ,s
meɾseska,meɾesˈeɾ,s
meɾseska,meɾesˈeɾ,s
meɾeska,meɾesˈeɾ,s
meɾeska,meɾesˈeɾ,s
meɾeska,meɾesˈeɾ,s
meɾesa,meɾesˈeɾ,s
meɾsesa,meɾesˈeɾ,s
meɾeska,meɾesˈeɾ,s
meɾseska,meɾesˈeɾ,s
meɾeska,meɾesˈeɾ,s
meɾseska,meɾesˈeɾ,s
meɾeska,meɾesˈeɾ,s
meɾeska,meɾesˈeɾ,s
meɾeska,meɾesˈeɾ,s
meɾesa,meɾesˈeɾ,s
meɾeska,meɾesˈeɾ,s
meɾkesa,meɾesˈeɾ,s
meɾeska,meɾesˈeɾ,s
meɾeska,meɾesˈeɾ,s
meɾeska,meɾesˈeɾ,s
meɾeska,meɾesˈeɾ,s
meɾeska,meɾesˈeɾ,s
meɾeska,meɾesˈeɾ,s
meɾkesa,meɾesˈeɾ,s
meɾeska,meɾesˈeɾ,s
meɾeska,meɾesˈeɾ,s
meɾeska,meɾesˈeɾ,s
meɾeska,meɾesˈeɾ,s
meɾeska,meɾesˈeɾ,s
meɾskea,meɾesˈeɾ,s
meɾskea,meɾesˈeɾ,s
meɾskea,meɾesˈeɾ,s
meɾskea,meɾesˈeɾ,s
meɾskea,meɾesˈeɾ,s
meɾskea,meɾesˈeɾ,s
meɾskea,meɾesˈeɾ,s
meɾskea,meɾesˈeɾ,s
meɾskea,meɾesˈeɾ,s
meɾskea,meɾesˈeɾ,s
meɾskea,meɾesˈeɾ,s
meɾeska,meɾesˈeɾ,s
meɾeska,meɾesˈeɾ,s
meɾeska,meɾesˈeɾ,s
meɾeska,meɾesˈeɾ,s
meɾeska,meɾesˈeɾ,s
meɾeska,meɾesˈeɾ,s
meɾeska,meɾesˈeɾ,s
meɾeska,meɾesˈeɾ,s
meɾeska,meɾesˈeɾ,s
meɾeska,meɾesˈeɾ,s
meɾseajs,meɾesˈeɾ,s
meɾseajs,meɾesˈeɾ,s
meɾesas,meɾesˈeɾ,s
meɾesa,meɾesˈeɾ,s
meɾseejs,meɾesˈeɾ,s
meɾskejs,meɾesˈeɾ,s
meɾseskajs,meɾesˈeɾ,s
meɾeskajs,meɾesˈeɾ,s
meɾeskajs,meɾesˈeɾ,s
meɾeskajs,meɾesˈeɾ,s
meɾseajs,meɾesˈeɾ,s
meɾseajs,meɾesˈeɾ,s
meɾesajs,meɾesˈeɾ,s
meɾseskajs,meɾesˈeɾ,s
meɾeskejs,meɾesˈeɾ,s
meɾseskajs,meɾesˈeɾ,s
meɾeskajs,meɾesˈeɾ,s
meɾeskajs,meɾesˈeɾ,s
meɾeskajs,meɾesˈeɾ,s
meɾesajs,meɾesˈeɾ,s
meɾesajs,meɾesˈeɾ,s
meɾeskejs,meɾesˈeɾ,s
meɾeskajs,meɾesˈeɾ,s
meɾeskajs,meɾesˈeɾ,s
meɾeskajs,meɾesˈeɾ,s
meɾeskajs,meɾesˈeɾ,s
meɾeskajs,meɾesˈeɾ,s
meɾesajs,meɾesˈeɾ,s
meɾeskejs,meɾesˈeɾ,s
meɾeskajs,meɾesˈeɾ,s
meɾeskajs,meɾesˈeɾ,s
meɾeskajs,meɾesˈeɾ,s
meɾeskajs,meɾesˈeɾ,s
meɾeskajs,meɾesˈeɾ,s
meɾeskajs,meɾesˈeɾ,s
meɾeskajs,meɾesˈeɾ,s
meɾeskajs,meɾesˈeɾ,s
meɾeskajs,meɾesˈeɾ,s
meɾeskajs,meɾesˈeɾ,s
meɾeskajs,meɾesˈeɾ,s
meɾsekajs,meɾesˈeɾ,s
meɾsekajs,meɾesˈeɾ,s
meɾsekajs,meɾesˈeɾ,s
meɾsekajs,meɾesˈeɾ,s
meɾsekajs,meɾesˈeɾ,s
meɾeskejs,meɾesˈeɾ,s
meɾeskejs,meɾesˈeɾ,s
meɾeskejs,meɾesˈeɾ,s
meɾeskajs,meɾesˈeɾ,s
meɾeskejs,meɾesˈeɾ,s
meɾeskejs,meɾesˈeɾ,s
meɾeskajs,meɾesˈeɾ,s
meɾeskejs,meɾesˈeɾ,s
meɾeskajs,meɾesˈeɾ,s
meɾeskajs,meɾesˈeɾ,s
meɾseamos,meɾesˈeɾ,s
meɾseemos,meɾesˈeɾ,s
meɾseemos,meɾesˈeɾ,s
meɾseamos,meɾesˈeɾ,s
meɾskemos,meɾesˈeɾ,s
meɾskemos,meɾesˈeɾ,s
meɾskemos,meɾesˈeɾ,s
meɾskemos,meɾesˈeɾ,s
meɾskemos,meɾesˈeɾ,s
meɾskemos,meɾesˈeɾ,s
meɾseemos,meɾesˈeɾ,s
meɾseemos,meɾesˈeɾ,s
meɾseamos,meɾesˈeɾ,s
meɾseskemos,meɾesˈeɾ,s
meɾseskemos,meɾesˈeɾ,s
meɾseskemos,meɾesˈeɾ,s
meɾseemos,meɾesˈeɾ,s
meɾseemos,meɾesˈeɾ,s
meɾseskamos,meɾesˈeɾ,s
meɾesemos,meɾesˈeɾ,s
meɾesemos,meɾesˈeɾ,s
meɾkesemos,meɾesˈeɾ,s
meɾeskemos,meɾesˈeɾ,s
meɾeskemos,meɾesˈeɾ,s
meɾeskemos,meɾesˈeɾ,s
meɾeskemos,meɾesˈeɾ,s
meɾeskemos,meɾesˈeɾ,s
meɾesemos,meɾesˈeɾ,s
meɾkesemos,meɾesˈeɾ,s
meɾeskemos,meɾesˈeɾ,s
meɾeskemos,meɾesˈeɾ,s
meɾeskemos,meɾesˈeɾ,s
meɾeskemos,meɾesˈeɾ,s
meɾeskemos,meɾesˈeɾ,s
meɾkemos,meɾesˈeɾ,s
meɾkemos,meɾesˈeɾ,s
meɾkesemos,meɾesˈeɾ,s
meɾkemos,meɾesˈeɾ,s
meɾkemos,meɾesˈeɾ,s
meɾkemos,meɾesˈeɾ,s
meɾskemos,meɾesˈeɾ,s
meɾskemos,meɾesˈeɾ,s
meɾskemos,meɾesˈeɾ,s
meɾskemos,meɾesˈeɾ,s
meɾskemos,meɾesˈeɾ,s
meɾeskemos,meɾesˈeɾ,s
meɾeskemos,meɾesˈeɾ,s
meɾeskemos,meɾesˈeɾ,s
meɾeskemos,meɾesˈeɾ,s
meɾeskemos,meɾesˈeɾ,s
meɾeskemos,meɾesˈeɾ,s
meɾeskemos,meɾesˈeɾ,s
meɾeskemos,meɾesˈeɾ,s
meɾeskemos,meɾesˈeɾ,s
meɾeskemos,meɾesˈeɾ,s
meɾsean,meɾesˈeɾ,s
meɾsan,meɾesˈeɾ,s
meɾsen,meɾesˈeɾ,s
meɾsan,meɾesˈeɾ,s
meɾeskan,meɾesˈeɾ,s
meɾskeen,meɾesˈeɾ,s
meɾeskan,meɾesˈeɾ,s
meɾeskan,meɾesˈeɾ,s
meɾeskan,meɾesˈeɾ,s
meɾeskan,meɾesˈeɾ,s
meɾesan,meɾesˈeɾ,s
meɾsesen,meɾesˈeɾ,s
meɾsean,meɾesˈeɾ,s
meɾeskan,meɾesˈeɾ,s
meɾsesken,meɾesˈeɾ,s
meɾseskan,meɾesˈeɾ,s
meɾeskan,meɾesˈeɾ,s
meɾeskan,meɾesˈeɾ,s
meɾeskan,meɾesˈeɾ,s
meɾesan,meɾesˈeɾ,s
meɾesan,meɾesˈeɾ,s
meɾeskan,meɾesˈeɾ,s
meɾkesen,meɾesˈeɾ,s
meɾeskan,meɾesˈeɾ,s
meɾeskan,meɾesˈeɾ,s
meɾeskan,meɾesˈeɾ,s
meɾeskan,meɾesˈeɾ,s
meɾesan,meɾesˈeɾ,s
meɾeskan,meɾesˈeɾ,s
meɾkesen,meɾesˈeɾ,s
meɾeskan,meɾesˈeɾ,s
meɾeskan,meɾesˈeɾ,s
meɾeskan,meɾesˈeɾ,s
meɾeskan,meɾesˈeɾ,s
meɾesjan,meɾesˈeɾ,s
meɾkesen,meɾesˈeɾ,s
meɾeskan,meɾesˈeɾ,s
meɾeskan,meɾesˈeɾ,s
meɾeskan,meɾesˈeɾ,s
meɾkan,meɾesˈeɾ,s
meɾskeen,meɾesˈeɾ,s
meɾskeen,meɾesˈeɾ,s
meɾskeen,meɾesˈeɾ,s
meɾskeen,meɾesˈeɾ,s
meɾskeen,meɾesˈeɾ,s
meɾskeen,meɾesˈeɾ,s
meɾskeen,meɾesˈeɾ,s
meɾskeen,meɾesˈeɾ,s
meɾskeen,meɾesˈeɾ,s
meɾesken,meɾesˈeɾ,s
meɾesken,meɾesˈeɾ,s
meɾeskan,meɾesˈeɾ,s
meɾesken,meɾesˈeɾ,s
meɾesken,meɾesˈeɾ,s
meɾesken,meɾesˈeɾ,s
meɾseamos,meɾesˈeɾ,s
meɾsas,meɾesˈeɾ,s
meɾsas,meɾesˈeɾ,s
meɾsa,meɾesˈeɾ,s
meɾskees,meɾesˈeɾ,s
meɾskees,meɾesˈeɾ,s
meɾeskes,meɾesˈeɾ,s
meɾeskes,meɾesˈeɾ,s
meɾeskes,meɾesˈeɾ,s
meɾeskas,meɾesˈeɾ,s
meɾesas,meɾesˈeɾ,s
meɾsesas,meɾesˈeɾ,s
meɾseas,meɾesˈeɾ,s
meɾskees,meɾesˈeɾ,s
meɾseskes,meɾesˈeɾ,s
meɾeskes,meɾesˈeɾ,s
meɾeskes,meɾesˈeɾ,s
meɾeskes,meɾesˈeɾ,s
meɾeskas,meɾesˈeɾ,s
meɾesas,meɾesˈeɾ,s
meɾa,meɾesˈeɾ,s
meɾesjes,meɾesˈeɾ,s
meɾkeses,meɾesˈeɾ,s
meɾeskas,meɾesˈeɾ,s
meɾeskes,meɾesˈeɾ,s
meɾeskes,meɾesˈeɾ,s
meɾeskas,meɾesˈeɾ,s
meɾa,meɾesˈeɾ,s
meɾesjes,meɾesˈeɾ,s
meɾkeses,meɾesˈeɾ,s
meɾeskas,meɾesˈeɾ,s
meɾeskes,meɾesˈeɾ,s
meɾeskes,meɾesˈeɾ,s
meɾeskas,meɾesˈeɾ,s
meɾesjes,meɾesˈeɾ,s
meɾkeses,meɾesˈeɾ,s
meɾeskas,meɾesˈeɾ,s
meɾeskas,meɾesˈeɾ,s
meɾeskas,meɾesˈeɾ,s
meɾeskas,meɾesˈeɾ,s
meɾskees,meɾesˈeɾ,s
meɾskees,meɾesˈeɾ,s
meɾskees,meɾesˈeɾ,s
meɾskees,meɾesˈeɾ,s
meɾskees,meɾesˈeɾ,s
meɾskees,meɾesˈeɾ,s
meɾskees,meɾesˈeɾ,s
meɾskees,meɾesˈeɾ,s
meɾskees,meɾesˈeɾ,s
meɾeskes,meɾesˈeɾ,s
meɾeskes,meɾesˈeɾ,s
meɾeskes,meɾesˈeɾ,s
meɾeskes,meɾesˈeɾ,s
meɾeskes,meɾesˈeɾ,s
meɾeskes,meɾesˈeɾ,s
meɾsea,meɾesˈeɾ,s
meɾse,meɾesˈeɾ,s
meɾse,meɾesˈeɾ,s
meɾsa,meɾesˈeɾ,s
meɾskee,meɾesˈeɾ,s
meɾskee,meɾesˈeɾ,s
meɾeske,meɾesˈeɾ,s
meɾseske,meɾesˈeɾ,s
meɾeske,meɾesˈeɾ,s
meɾeska,meɾesˈeɾ,s
meɾese,meɾesˈeɾ,s
meɾesa,meɾesˈeɾ,s
meɾsea,meɾesˈeɾ,s
meɾeske,meɾesˈeɾ,s
meɾseske,meɾesˈeɾ,s
meɾeske,meɾesˈeɾ,s
meɾseske,meɾesˈeɾ,s
meɾeske,meɾesˈeɾ,s
meɾeska,meɾesˈeɾ,s
meɾesa,meɾesˈeɾ,s
meɾesa,meɾesˈeɾ,s
meɾeske,meɾesˈeɾ,s
meɾkese,meɾesˈeɾ,s
meɾeske,meɾesˈeɾ,s
meɾeske,meɾesˈeɾ,s
meɾeske,meɾesˈeɾ,s
meɾeska,meɾesˈeɾ,s
meɾesa,meɾesˈeɾ,s
meɾeske,meɾesˈeɾ,s
meɾkese,meɾesˈeɾ,s
meɾeske,meɾesˈeɾ,s
meɾeske,meɾesˈeɾ,s
meɾeske,meɾesˈeɾ,s
meɾeska,meɾesˈeɾ,s
meɾesje,meɾesˈeɾ,s
meɾkese,meɾesˈeɾ,s
meɾeske,meɾesˈeɾ,s
meɾeske,meɾesˈeɾ,s
meɾeske,meɾesˈeɾ,s
meɾke,meɾesˈeɾ,s
meɾskee,meɾesˈeɾ,s
meɾskee,meɾesˈeɾ,s
meɾskee,meɾesˈeɾ,s
meɾskee,meɾesˈeɾ,s
meɾskee,meɾesˈeɾ,s
meɾskee,meɾesˈeɾ,s
meɾskee,meɾesˈeɾ,s
meɾskee,meɾesˈeɾ,s
meɾskee,meɾesˈeɾ,s
meɾeske,meɾesˈeɾ,s
meɾeske,meɾesˈeɾ,s
meɾeske,meɾesˈeɾ,s
meɾeske,meɾesˈeɾ,s
meɾeske,meɾesˈeɾ,s
meɾeske,meɾesˈeɾ,s
meɾsea,meɾesˈeɾ,s
meɾse,meɾesˈeɾ,s
meɾsesa,meɾesˈeɾ,s
meɾsa,meɾesˈeɾ,s
meɾskee,meɾesˈeɾ,s
meɾskee,meɾesˈeɾ,s
meɾeske,meɾesˈeɾ,s
meɾseske,meɾesˈeɾ,s
meɾeske,meɾesˈeɾ,s
meɾeska,meɾesˈeɾ,s
meɾesa,meɾesˈeɾ,s
meɾesa,meɾesˈeɾ,s
meɾsea,meɾesˈeɾ,s
meɾeske,meɾesˈeɾ,s
meɾseske,meɾesˈeɾ,s
meɾeske,meɾesˈeɾ,s
meɾseske,meɾesˈeɾ,s
meɾeske,meɾesˈeɾ,s
meɾeska,meɾesˈeɾ,s
meɾesas,meɾesˈeɾ,s
meɾesa,meɾesˈeɾ,s
meɾeske,meɾesˈeɾ,s
meɾkese,meɾesˈeɾ,s
meɾeske,meɾesˈeɾ,s
meɾeske,meɾesˈeɾ,s
meɾeske,meɾesˈeɾ,s
meɾeska,meɾesˈeɾ,s
meɾesa,meɾesˈeɾ,s
meɾkesje,meɾesˈeɾ,s
meɾkese,meɾesˈeɾ,s
meɾeske,meɾesˈeɾ,s
meɾeske,meɾesˈeɾ,s
meɾeske,meɾesˈeɾ,s
meɾeska,meɾesˈeɾ,s
meɾesje,meɾesˈeɾ,s
meɾkese,meɾesˈeɾ,s
meɾeske,meɾesˈeɾ,s
meɾeske,meɾesˈeɾ,s
meɾeske,meɾesˈeɾ,s
meɾke,meɾesˈeɾ,s
meɾskee,meɾesˈeɾ,s
meɾskee,meɾesˈeɾ,s
meɾskee,meɾesˈeɾ,s
meɾskee,meɾesˈeɾ,s
meɾskee,meɾesˈeɾ,s
meɾskee,meɾesˈeɾ,s
meɾskee,meɾesˈeɾ,s
meɾskee,meɾesˈeɾ,s
meɾskee,meɾesˈeɾ,s
meɾeske,meɾesˈeɾ,s
meɾeske,meɾesˈeɾ,s
meɾeske,meɾesˈeɾ,s
meɾeske,meɾesˈeɾ,s
meɾeske,meɾesˈeɾ,s
meɾeske,meɾesˈeɾ,s
meɾseamos,meɾesˈeɾ,s
meɾeso,meɾesˈeɾ,s
meɾso,meɾesˈeɾ,s
meɾseo,meɾesˈeɾ,s
meɾesko,meɾesˈeɾ,s
meɾskeo,meɾesˈeɾ,s
meɾesko,meɾesˈeɾ,s
meɾsesko,meɾesˈeɾ,s
meɾesko,meɾesˈeɾ,s
meɾesko,meɾesˈeɾ,s
meɾeso,meɾesˈeɾ,s
meɾseso,meɾesˈeɾ,s
meɾseo,meɾesˈeɾ,s
meɾesko,meɾesˈeɾ,s
meɾskeo,meɾesˈeɾ,s
meɾesko,meɾesˈeɾ,s
meɾsesko,meɾesˈeɾ,s
meɾesko,meɾesˈeɾ,s
meɾesko,meɾesˈeɾ,s
meɾeso,meɾesˈeɾ,s
meɾeso,meɾesˈeɾ,s
meɾesko,meɾesˈeɾ,s
meɾkeso,meɾesˈeɾ,s
meɾesko,meɾesˈeɾ,s
meɾesko,meɾesˈeɾ,s
meɾesko,meɾesˈeɾ,s
meɾesko,meɾesˈeɾ,s
meɾeso,meɾesˈeɾ,s
meɾesko,meɾesˈeɾ,s
meɾkeso,meɾesˈeɾ,s
meɾesko,meɾesˈeɾ,s
meɾesko,meɾesˈeɾ,s
meɾesko,meɾesˈeɾ,s
meɾesko,meɾesˈeɾ,s
meɾesjo,meɾesˈeɾ,s
meɾkeso,meɾesˈeɾ,s
meɾesko,meɾesˈeɾ,s
meɾesko,meɾesˈeɾ,s
meɾesko,meɾesˈeɾ,s
meɾesko,meɾesˈeɾ,s
meɾskeo,meɾesˈeɾ,s
meɾskeo,meɾesˈeɾ,s
meɾskeo,meɾesˈeɾ,s
meɾskeo,meɾesˈeɾ,s
meɾskeo,meɾesˈeɾ,s
meɾskeo,meɾesˈeɾ,s
meɾskeo,meɾesˈeɾ,s
meɾskeo,meɾesˈeɾ,s
meɾskeo,meɾesˈeɾ,s
meɾesko,meɾesˈeɾ,s
meɾesko,meɾesˈeɾ,s
meɾesko,meɾesˈeɾ,s
meɾesko,meɾesˈeɾ,s
meɾesko,meɾesˈeɾ,s
meɾesko,meɾesˈeɾ,s
infɾinçan,infɾinçˈiɾ,nç
infɾinçan,infɾinçˈiɾ,nç
infɾinçajs,infɾinçˈiɾ,nç
infɾinxan,infɾinçˈiɾ,nç
infɾinxen,infɾinçˈiɾ,nç
infɾinxan,infɾinçˈiɾ,nç
infɾinxan,infɾinçˈiɾ,nç
infɾinxan,infɾinçˈiɾ,nç
infɾinxan,infɾinçˈiɾ,nç
infɾinxan,infɾinçˈiɾ,nç
infɾinçan,infɾinçˈiɾ,nç
infɾinçajs,infɾinçˈiɾ,nç
infɾinxan,infɾinçˈiɾ,nç
infɾinçen,infɾinçˈiɾ,nç
infɾinxan,infɾinçˈiɾ,nç
infɾinxan,infɾinçˈiɾ,nç
infɾinxan,infɾinçˈiɾ,nç
infɾinxan,infɾinçˈiɾ,nç
infɾinxan,infɾinçˈiɾ,nç
infɾinçajs,infɾinçˈiɾ,nç
infɾinçen,infɾinçˈiɾ,nç
infɾinçen,infɾinçˈiɾ,nç
infɾinxan,infɾinçˈiɾ,nç
infɾinxan,infɾinçˈiɾ,nç
infɾinxan,infɾinçˈiɾ,nç
infɾinxan,infɾinçˈiɾ,nç
infɾinxan,infɾinçˈiɾ,nç
infɾinçen,infɾinçˈiɾ,nç
infɾinçen,infɾinçˈiɾ,nç
infɾinxan,infɾinçˈiɾ,nç
infɾinxan,infɾinçˈiɾ,nç
infɾinxan,infɾinçˈiɾ,nç
infɾinxan,infɾinçˈiɾ,nç
infɾinxan,infɾinçˈiɾ,nç
infɾinxen,infɾinçˈiɾ,nç
infɾinxan,infɾinçˈiɾ,nç
infɾinxan,infɾinçˈiɾ,nç
infɾinxan,infɾinçˈiɾ,nç
infɾinxan,infɾinçˈiɾ,nç
infɾinxan,infɾinçˈiɾ,nç
infɾinxan,infɾinçˈiɾ,nç
infɾinxan,infɾinçˈiɾ,nç
infɾinxan,infɾinçˈiɾ,nç
infɾinxan,infɾinçˈiɾ,nç
infɾinxan,infɾinçˈiɾ,nç
infɾinxan,infɾinçˈiɾ,nç
infɾinxan,infɾinçˈiɾ,nç
infɾinxan,infɾinçˈiɾ,nç
infɾinxan,infɾinçˈiɾ,nç
infɾinxan,infɾinçˈiɾ,nç
infɾinxan,infɾinçˈiɾ,nç
infɾinxan,infɾinçˈiɾ,nç
infɾinxan,infɾinçˈiɾ,nç
infɾinxan,infɾinçˈiɾ,nç
infɾinxan,infɾinçˈiɾ,nç
infɾinças,infɾinçˈiɾ,nç
infɾinçamos,infɾinçˈiɾ,nç
infɾinçajs,infɾinçˈiɾ,nç
infɾinxas,infɾinçˈiɾ,nç
infɾinçes,infɾinçˈiɾ,nç
infɾinxas,infɾinçˈiɾ,nç
infɾinxas,infɾinçˈiɾ,nç
infɾinxas,infɾinçˈiɾ,nç
infɾinxas,infɾinçˈiɾ,nç
infɾinxas,infɾinçˈiɾ,nç
infɾinçamos,infɾinçˈiɾ,nç
infɾinçajs,infɾinçˈiɾ,nç
infɾinxas,infɾinçˈiɾ,nç
infɾinxas,infɾinçˈiɾ,nç
infɾinxas,infɾinçˈiɾ,nç
infɾinxas,infɾinçˈiɾ,nç
infɾinxas,infɾinçˈiɾ,nç
infɾinxas,infɾinçˈiɾ,nç
infɾinxas,infɾinçˈiɾ,nç
infɾinçajs,infɾinçˈiɾ,nç
infɾinçes,infɾinçˈiɾ,nç
infɾinxemos,infɾinçˈiɾ,nç
infɾinxas,infɾinçˈiɾ,nç
infɾinxas,infɾinçˈiɾ,nç
infɾinxas,infɾinçˈiɾ,nç
infɾinxas,infɾinçˈiɾ,nç
infɾinxas,infɾinçˈiɾ,nç
infɾinçes,infɾinçˈiɾ,nç
infɾinçes,infɾinçˈiɾ,nç
infɾinxas,infɾinçˈiɾ,nç
infɾinxas,infɾinçˈiɾ,nç
infɾinxas,infɾinçˈiɾ,nç
infɾinxas,infɾinçˈiɾ,nç
infɾinxas,infɾinçˈiɾ,nç
infɾinxes,infɾinçˈiɾ,nç
infɾinxas,infɾinçˈiɾ,nç
infɾinxas,infɾinçˈiɾ,nç
infɾinxas,infɾinçˈiɾ,nç
infɾinxas,infɾinçˈiɾ,nç
infɾinxas,infɾinçˈiɾ,nç
infɾinxas,infɾinçˈiɾ,nç
infɾinxas,infɾinçˈiɾ,nç
infɾinxas,infɾinçˈiɾ,nç
infɾinxas,infɾinçˈiɾ,nç
infɾinxas,infɾinçˈiɾ,nç
infɾinxas,infɾinçˈiɾ,nç
infɾinxas,infɾinçˈiɾ,nç
infɾinxas,infɾinçˈiɾ,nç
infɾinxas,infɾinçˈiɾ,nç
infɾinxas,infɾinçˈiɾ,nç
infɾinxas,infɾinçˈiɾ,nç
infɾinxas,infɾinçˈiɾ,nç
infɾinxas,infɾinçˈiɾ,nç
infɾinxas,infɾinçˈiɾ,nç
infɾinxas,infɾinçˈiɾ,nç
infɾinça,infɾinçˈiɾ,nç
infɾinçamos,infɾinçˈiɾ,nç
infɾinçajs,infɾinçˈiɾ,nç
infɾinxa,infɾinçˈiɾ,nç
infɾinxemos,infɾinçˈiɾ,nç
infɾinxa,infɾinçˈiɾ,nç
infɾinxa,infɾinçˈiɾ,nç
infɾinxa,infɾinçˈiɾ,nç
infɾinxa,infɾinçˈiɾ,nç
infɾinxa,infɾinçˈiɾ,nç
infɾinçamos,infɾinçˈiɾ,nç
infɾinçajs,infɾinçˈiɾ,nç
infɾinxa,infɾinçˈiɾ,nç
infɾinxemos,infɾinçˈiɾ,nç
infɾinxa,infɾinçˈiɾ,nç
infɾinxa,infɾinçˈiɾ,nç
infɾinxa,infɾinçˈiɾ,nç
infɾinxa,infɾinçˈiɾ,nç
infɾinxa,infɾinçˈiɾ,nç
infɾinçajs,infɾinçˈiɾ,nç
infɾinçe,infɾinçˈiɾ,nç
infɾinxemos,infɾinçˈiɾ,nç
infɾinxa,infɾinçˈiɾ,nç
infɾinçises,infɾinçˈiɾ,nç
infɾinxa,infɾinçˈiɾ,nç
infɾinxa,infɾinçˈiɾ,nç
infɾinxa,infɾinçˈiɾ,nç
infɾinçe,infɾinçˈiɾ,nç
infɾinxemos,infɾinçˈiɾ,nç
infɾinxa,infɾinçˈiɾ,nç
infɾinxa,infɾinçˈiɾ,nç
infɾinxa,infɾinçˈiɾ,nç
infɾinxa,infɾinçˈiɾ,nç
infɾinxa,infɾinçˈiɾ,nç
infɾinxea,infɾinçˈiɾ,nç
infɾinxa,infɾinçˈiɾ,nç
infɾinxa,infɾinçˈiɾ,nç
infɾinxa,infɾinçˈiɾ,nç
infɾinxa,infɾinçˈiɾ,nç
infɾinxa,infɾinçˈiɾ,nç
infɾinxa,infɾinçˈiɾ,nç
infɾinxemos,infɾinçˈiɾ,nç
infɾinxa,infɾinçˈiɾ,nç
infɾinxa,infɾinçˈiɾ,nç
infɾinxa,infɾinçˈiɾ,nç
infɾinxa,infɾinçˈiɾ,nç
infɾinxa,infɾinçˈiɾ,nç
infɾinxa,infɾinçˈiɾ,nç
infɾinxa,infɾinçˈiɾ,nç
infɾinxa,infɾinçˈiɾ,nç
infɾinxa,infɾinçˈiɾ,nç
infɾinxa,infɾinçˈiɾ,nç
infɾinxa,infɾinçˈiɾ,nç
infɾinxa,infɾinçˈiɾ,nç
infɾinxa,infɾinçˈiɾ,nç
infɾinçamos,infɾinçˈiɾ,nç
infɾinçamos,infɾinçˈiɾ,nç
infɾinçamos,infɾinçˈiɾ,nç
infɾinxamos,infɾinçˈiɾ,nç
infɾinxamos,infɾinçˈiɾ,nç
infɾinxamos,infɾinçˈiɾ,nç
infɾinxamos,infɾinçˈiɾ,nç
infɾinxamos,infɾinçˈiɾ,nç
infɾinxamos,infɾinçˈiɾ,nç
infɾinxamos,infɾinçˈiɾ,nç
infɾinçamos,infɾinçˈiɾ,nç
infɾinçamos,infɾinçˈiɾ,nç
infɾinxamos,infɾinçˈiɾ,nç
infɾinxamos,infɾinçˈiɾ,nç
infɾinxamos,infɾinçˈiɾ,nç
infɾinxamos,infɾinçˈiɾ,nç
infɾinxamos,infɾinçˈiɾ,nç
infɾinxamos,infɾinçˈiɾ,nç
infɾinxamos,infɾinçˈiɾ,nç
infɾinçamos,infɾinçˈiɾ,nç
infɾinxamos,infɾinçˈiɾ,nç
infɾinxamos,infɾinçˈiɾ,nç
infɾinxamos,infɾinçˈiɾ,nç
infɾinxamos,infɾinçˈiɾ,nç
infɾinxamos,infɾinçˈiɾ,nç
infɾinxamos,infɾinçˈiɾ,nç
infɾinxamos,infɾinçˈiɾ,nç
infɾinxamos,infɾinçˈiɾ,nç
infɾinxamos,infɾinçˈiɾ,nç
infɾinxamos,infɾinçˈiɾ,nç
infɾinxamos,infɾinçˈiɾ,nç
infɾinxamos,infɾinçˈiɾ,nç
infɾinxamos,infɾinçˈiɾ,nç
infɾinxamos,infɾinçˈiɾ,nç
infɾinxamos,infɾinçˈiɾ,nç
infɾinxamos,infɾinçˈiɾ,nç
infɾinxamos,infɾinçˈiɾ,nç
infɾinxamos,infɾinçˈiɾ,nç
infɾinxamos,infɾinçˈiɾ,nç
infɾinxamos,infɾinçˈiɾ,nç
infɾinxamos,infɾinçˈiɾ,nç
infɾinxamos,infɾinçˈiɾ,nç
infɾinxamos,infɾinçˈiɾ,nç
infɾinxamos,infɾinçˈiɾ,nç
infɾinxamos,infɾinçˈiɾ,nç
infɾinxamos,infɾinçˈiɾ,nç
infɾinxamos,infɾinçˈiɾ,nç
infɾinxamos,infɾinçˈiɾ,nç
infɾinxamos,infɾinçˈiɾ,nç
infɾinxamos,infɾinçˈiɾ,nç
infɾinxamos,infɾinçˈiɾ,nç
infɾinxamos,infɾinçˈiɾ,nç
infɾinxamos,infɾinçˈiɾ,nç
infɾinxamos,infɾinçˈiɾ,nç
infɾinxamos,infɾinçˈiɾ,nç
infɾinçajs,infɾinçˈiɾ,nç
infɾinçajs,infɾinçˈiɾ,nç
infɾinçajs,infɾinçˈiɾ,nç
infɾinxajs,infɾinçˈiɾ,nç
infɾinxajs,infɾinçˈiɾ,nç
infɾinxajs,infɾinçˈiɾ,nç
infɾinxajs,infɾinçˈiɾ,nç
infɾinxajs,infɾinçˈiɾ,nç
infɾinxajs,infɾinçˈiɾ,nç
infɾinxajs,infɾinçˈiɾ,nç
infɾinçajs,infɾinçˈiɾ,nç
infɾinçajs,infɾinçˈiɾ,nç
infɾinxajs,infɾinçˈiɾ,nç
infɾinxajs,infɾinçˈiɾ,nç
infɾinxajs,infɾinçˈiɾ,nç
infɾinxajs,infɾinçˈiɾ,nç
infɾinxajs,infɾinçˈiɾ,nç
infɾinxajs,infɾinçˈiɾ,nç
infɾinxajs,infɾinçˈiɾ,nç
infɾinçajs,infɾinçˈiɾ,nç
infɾinxajs,infɾinçˈiɾ,nç
infɾinxajs,infɾinçˈiɾ,nç
infɾinxajs,infɾinçˈiɾ,nç
infɾinxajs,infɾinçˈiɾ,nç
infɾinxajs,infɾinçˈiɾ,nç
infɾinxajs,infɾinçˈiɾ,nç
infɾinxajs,infɾinçˈiɾ,nç
infɾinçajs,infɾinçˈiɾ,nç
infɾinçajs,infɾinçˈiɾ,nç
infɾinçajs,infɾinçˈiɾ,nç
infɾinçajs,infɾinçˈiɾ,nç
infɾinçajs,infɾinçˈiɾ,nç
infɾinçajs,infɾinçˈiɾ,nç
infɾinçajs,infɾinçˈiɾ,nç
infɾinxajs,infɾinçˈiɾ,nç
infɾinxajs,infɾinçˈiɾ,nç
infɾinxajs,infɾinçˈiɾ,nç
infɾinxajs,infɾinçˈiɾ,nç
infɾinxajs,infɾinçˈiɾ,nç
infɾinxajs,infɾinçˈiɾ,nç
infɾinxajs,infɾinçˈiɾ,nç
infɾinxajs,infɾinçˈiɾ,nç
infɾinxajs,infɾinçˈiɾ,nç
infɾinxajs,infɾinçˈiɾ,nç
infɾinxajs,infɾinçˈiɾ,nç
infɾinxajs,infɾinçˈiɾ,nç
infɾinxajs,infɾinçˈiɾ,nç
infɾinxajs,infɾinçˈiɾ,nç
infɾinxajs,infɾinçˈiɾ,nç
infɾinxajs,infɾinçˈiɾ,nç
infɾinxajs,infɾinçˈiɾ,nç
infɾinxajs,infɾinçˈiɾ,nç
infɾinxajs,infɾinçˈiɾ,nç
infɾinxajs,infɾinçˈiɾ,nç
infɾinxajs,infɾinçˈiɾ,nç
infɾinçejs,infɾinçˈiɾ,nç
infɾinçejs,infɾinçˈiɾ,nç
infɾinçajs,infɾinçˈiɾ,nç
infɾinçajs,infɾinçˈiɾ,nç
infɾinxejs,infɾinçˈiɾ,nç
infɾinxejs,infɾinçˈiɾ,nç
infɾinxejs,infɾinçˈiɾ,nç
infɾinxejs,infɾinçˈiɾ,nç
infɾinxejs,infɾinçˈiɾ,nç
infɾinxejs,infɾinçˈiɾ,nç
infɾinçejs,infɾinçˈiɾ,nç
infɾinçajs,infɾinçˈiɾ,nç
infɾinçajs,infɾinçˈiɾ,nç
infɾinxejs,infɾinçˈiɾ,nç
infɾinxejs,infɾinçˈiɾ,nç
infɾinxejs,infɾinçˈiɾ,nç
infɾinxejs,infɾinçˈiɾ,nç
infɾinxejs,infɾinçˈiɾ,nç
infɾinxejs,infɾinçˈiɾ,nç
infɾinçajs,infɾinçˈiɾ,nç
infɾinçajs,infɾinçˈiɾ,nç
infɾinxejs,infɾinçˈiɾ,nç
infɾinxejs,infɾinçˈiɾ,nç
infɾinxejs,infɾinçˈiɾ,nç
infɾinxejs,infɾinçˈiɾ,nç
infɾinxejs,infɾinçˈiɾ,nç
infɾinxejs,infɾinçˈiɾ,nç
infɾinçajs,infɾinçˈiɾ,nç
infɾinxejs,infɾinçˈiɾ,nç
infɾinçejs,infɾinçˈiɾ,nç
infɾinxejs,infɾinçˈiɾ,nç
infɾinxejs,infɾinçˈiɾ,nç
infɾinxejs,infɾinçˈiɾ,nç
infɾinçejs,infɾinçˈiɾ,nç
infɾinxejs,infɾinçˈiɾ,nç
infɾinxejs,infɾinçˈiɾ,nç
infɾinxejs,infɾinçˈiɾ,nç
infɾinxejs,infɾinçˈiɾ,nç
infɾinxejs,infɾinçˈiɾ,nç
infɾinxajs,infɾinçˈiɾ,nç
infɾinxejs,infɾinçˈiɾ,nç
infɾinxejs,infɾinçˈiɾ,nç
infɾinxejs,infɾinçˈiɾ,nç
infɾinxejs,infɾinçˈiɾ,nç
infɾinxejs,infɾinçˈiɾ,nç
infɾinxejs,infɾinçˈiɾ,nç
infɾinxejs,infɾinçˈiɾ,nç
infɾinxejs,infɾinçˈiɾ,nç
infɾinxejs,infɾinçˈiɾ,nç
infɾinxejs,infɾinçˈiɾ,nç
infɾinxejs,infɾinçˈiɾ,nç
infɾinxejs,infɾinçˈiɾ,nç
infɾinxejs,infɾinçˈiɾ,nç
infɾinxejs,infɾinçˈiɾ,nç
infɾinxejs,infɾinçˈiɾ,nç
infɾinçemos,infɾinçˈiɾ,nç
infɾinçemos,infɾinçˈiɾ,nç
infɾinçamos,infɾinçˈiɾ,nç
infɾinçamos,infɾinçˈiɾ,nç
infɾinxemos,infɾinçˈiɾ,nç
infɾinxemos,infɾinçˈiɾ,nç
infɾinxemos,infɾinçˈiɾ,nç
infɾinxemos,infɾinçˈiɾ,nç
infɾinxemos,infɾinçˈiɾ,nç
infɾinxemos,infɾinçˈiɾ,nç
infɾinçemos,infɾinçˈiɾ,nç
infɾinçamos,infɾinçˈiɾ,nç
infɾinçamos,infɾinçˈiɾ,nç
infɾinxemos,infɾinçˈiɾ,nç
infɾinxemos,infɾinçˈiɾ,nç
infɾinxemos,infɾinçˈiɾ,nç
infɾinxemos,infɾinçˈiɾ,nç
infɾinxemos,infɾinçˈiɾ,nç
infɾinxemos,infɾinçˈiɾ,nç
infɾinçamos,infɾinçˈiɾ,nç
infɾinçamos,infɾinçˈiɾ,nç
infɾinxemos,infɾinçˈiɾ,nç
infɾinxemos,infɾinçˈiɾ,nç
infɾinxemos,infɾinçˈiɾ,nç
infɾinxemos,infɾinçˈiɾ,nç
infɾinxemos,infɾinçˈiɾ,nç
infɾinxemos,infɾinçˈiɾ,nç
infɾinçamos,infɾinçˈiɾ,nç
infɾinxemos,infɾinçˈiɾ,nç
infɾinxemos,infɾinçˈiɾ,nç
infɾinxemos,infɾinçˈiɾ,nç
infɾinxemos,infɾinçˈiɾ,nç
infɾinxemos,infɾinçˈiɾ,nç
infɾinxemos,infɾinçˈiɾ,nç
infɾinxemos,infɾinçˈiɾ,nç
infɾinxemos,infɾinçˈiɾ,nç
infɾinxemos,infɾinçˈiɾ,nç
infɾinxemos,infɾinçˈiɾ,nç
infɾinxemos,infɾinçˈiɾ,nç
infɾinxemos,infɾinçˈiɾ,nç
infɾinxemos,infɾinçˈiɾ,nç
infɾinxemos,infɾinçˈiɾ,nç
infɾinxemos,infɾinçˈiɾ,nç
infɾinxemos,infɾinçˈiɾ,nç
infɾinxemos,infɾinçˈiɾ,nç
infɾinxemos,infɾinçˈiɾ,nç
infɾinxemos,infɾinçˈiɾ,nç
infɾinxemos,infɾinçˈiɾ,nç
infɾinxemos,infɾinçˈiɾ,nç
infɾinxemos,infɾinçˈiɾ,nç
infɾinxemos,infɾinçˈiɾ,nç
infɾinxemos,infɾinçˈiɾ,nç
infɾinxemos,infɾinçˈiɾ,nç
infɾinxemos,infɾinçˈiɾ,nç
infɾinxemos,infɾinçˈiɾ,nç
infɾinxan,infɾinçˈiɾ,nç
infɾinçen,infɾinçˈiɾ,nç
infɾinçan,infɾinçˈiɾ,nç
infɾinçajs,infɾinçˈiɾ,nç
infɾinxen,infɾinçˈiɾ,nç
infɾinxen,infɾinçˈiɾ,nç
infɾinxen,infɾinçˈiɾ,nç
infɾinxen,infɾinçˈiɾ,nç
infɾinxen,infɾinçˈiɾ,nç
infɾinxen,infɾinçˈiɾ,nç
infɾinçen,infɾinçˈiɾ,nç
infɾinçan,infɾinçˈiɾ,nç
infɾinçajs,infɾinçˈiɾ,nç
infɾinxen,infɾinçˈiɾ,nç
infɾinxen,infɾinçˈiɾ,nç
infɾinxen,infɾinçˈiɾ,nç
infɾinxen,infɾinçˈiɾ,nç
infɾinxen,infɾinçˈiɾ,nç
infɾinxen,infɾinçˈiɾ,nç
infɾinçan,infɾinçˈiɾ,nç
infɾinçajs,infɾinçˈiɾ,nç
infɾinxen,infɾinçˈiɾ,nç
infɾinxen,infɾinçˈiɾ,nç
infɾinxen,infɾinçˈiɾ,nç
infɾinxen,infɾinçˈiɾ,nç
infɾinxen,infɾinçˈiɾ,nç
infɾinxen,infɾinçˈiɾ,nç
infɾinçajs,infɾinçˈiɾ,nç
infɾinxen,infɾinçˈiɾ,nç
infɾinçen,infɾinçˈiɾ,nç
infɾinxen,infɾinçˈiɾ,nç
infɾinxen,infɾinçˈiɾ,nç
infɾinxen,infɾinçˈiɾ,nç
infɾinxen,infɾinçˈiɾ,nç
infɾinxen,infɾinçˈiɾ,nç
infɾinxen,infɾinçˈiɾ,nç
infɾinxen,infɾinçˈiɾ,nç
infɾinxen,infɾinçˈiɾ,nç
infɾinxen,infɾinçˈiɾ,nç
infɾinxen,infɾinçˈiɾ,nç
infɾinxen,infɾinçˈiɾ,nç
infɾinxen,infɾinçˈiɾ,nç
infɾinxen,infɾinçˈiɾ,nç
infɾinxen,infɾinçˈiɾ,nç
infɾinxen,infɾinçˈiɾ,nç
infɾinxen,infɾinçˈiɾ,nç
infɾinxen,infɾinçˈiɾ,nç
infɾinxen,infɾinçˈiɾ,nç
infɾinxen,infɾinçˈiɾ,nç
infɾinxen,infɾinçˈiɾ,nç
infɾinxen,infɾinçˈiɾ,nç
infɾinxen,infɾinçˈiɾ,nç
infɾinxen,infɾinçˈiɾ,nç
infɾinxen,infɾinçˈiɾ,nç
infɾinxen,infɾinçˈiɾ,nç
infɾinxas,infɾinçˈiɾ,nç
infɾinçes,infɾinçˈiɾ,nç
infɾinçamos,infɾinçˈiɾ,nç
infɾinçajs,infɾinçˈiɾ,nç
infɾinxes,infɾinçˈiɾ,nç
infɾinxes,infɾinçˈiɾ,nç
infɾinxes,infɾinçˈiɾ,nç
infɾinxes,infɾinçˈiɾ,nç
infɾinxes,infɾinçˈiɾ,nç
infɾinxes,infɾinçˈiɾ,nç
infɾinçes,infɾinçˈiɾ,nç
infɾinçamos,infɾinçˈiɾ,nç
infɾinçajs,infɾinçˈiɾ,nç
infɾinxes,infɾinçˈiɾ,nç
infɾinxes,infɾinçˈiɾ,nç
infɾinxes,infɾinçˈiɾ,nç
infɾinxes,infɾinçˈiɾ,nç
infɾinxes,infɾinçˈiɾ,nç
infɾinxes,infɾinçˈiɾ,nç
infɾinças,infɾinçˈiɾ,nç
infɾinçajs,infɾinçˈiɾ,nç
infɾinxes,infɾinçˈiɾ,nç
infɾinxes,infɾinçˈiɾ,nç
infɾinxes,infɾinçˈiɾ,nç
infɾinxes,infɾinçˈiɾ,nç
infɾinxes,infɾinçˈiɾ,nç
infɾinxes,infɾinçˈiɾ,nç
infɾinçajs,infɾinçˈiɾ,nç
infɾinçes,infɾinçˈiɾ,nç
infɾinçes,infɾinçˈiɾ,nç
infɾinxes,infɾinçˈiɾ,nç
infɾinxes,infɾinçˈiɾ,nç
infɾinxes,infɾinçˈiɾ,nç
infɾinxes,infɾinçˈiɾ,nç
infɾinxes,infɾinçˈiɾ,nç
infɾinxes,infɾinçˈiɾ,nç
infɾinxes,infɾinçˈiɾ,nç
infɾinxes,infɾinçˈiɾ,nç
infɾinxes,infɾinçˈiɾ,nç
infɾinxes,infɾinçˈiɾ,nç
infɾinxes,infɾinçˈiɾ,nç
infɾinxes,infɾinçˈiɾ,nç
infɾinxes,infɾinçˈiɾ,nç
infɾinxes,infɾinçˈiɾ,nç
infɾinxes,infɾinçˈiɾ,nç
infɾinxes,infɾinçˈiɾ,nç
infɾinxes,infɾinçˈiɾ,nç
infɾinxes,infɾinçˈiɾ,nç
infɾinxes,infɾinçˈiɾ,nç
infɾinxes,infɾinçˈiɾ,nç
infɾinxes,infɾinçˈiɾ,nç
infɾinxes,infɾinçˈiɾ,nç
infɾinxes,infɾinçˈiɾ,nç
infɾinxes,infɾinçˈiɾ,nç
infɾinxes,infɾinçˈiɾ,nç
infɾinçe,infɾinçˈiɾ,nç
infɾinçe,infɾinçˈiɾ,nç
infɾinçamos,infɾinçˈiɾ,nç
infɾinçajs,infɾinçˈiɾ,nç
infɾinxe,infɾinçˈiɾ,nç
infɾinxee,infɾinçˈiɾ,nç
infɾinxe,infɾinçˈiɾ,nç
infɾinxe,infɾinçˈiɾ,nç
infɾinxe,infɾinçˈiɾ,nç
infɾinxe,infɾinçˈiɾ,nç
infɾinçe,infɾinçˈiɾ,nç
infɾinçamos,infɾinçˈiɾ,nç
infɾinçajs,infɾinçˈiɾ,nç
infɾinxe,infɾinçˈiɾ,nç
infɾinxee,infɾinçˈiɾ,nç
infɾinxe,infɾinçˈiɾ,nç
infɾinxe,infɾinçˈiɾ,nç
infɾinxe,infɾinçˈiɾ,nç
infɾinxe,infɾinçˈiɾ,nç
infɾinçamos,infɾinçˈiɾ,nç
infɾinçajs,infɾinçˈiɾ,nç
infɾinxe,infɾinçˈiɾ,nç
infɾinxee,infɾinçˈiɾ,nç
infɾinxe,infɾinçˈiɾ,nç
infɾinxe,infɾinçˈiɾ,nç
infɾinxe,infɾinçˈiɾ,nç
infɾinxe,infɾinçˈiɾ,nç
infɾinçajs,infɾinçˈiɾ,nç
infɾinçe,infɾinçˈiɾ,nç
infɾinçejs,infɾinçˈiɾ,nç
infɾinxe,infɾinçˈiɾ,nç
infɾinxe,infɾinçˈiɾ,nç
infɾinxe,infɾinçˈiɾ,nç
infɾinxe,infɾinçˈiɾ,nç
infɾinçe,infɾinçˈiɾ,nç
infɾinçejs,infɾinçˈiɾ,nç
infɾinxe,infɾinçˈiɾ,nç
infɾinxe,infɾinçˈiɾ,nç
infɾinxe,infɾinçˈiɾ,nç
infɾinxe,infɾinçˈiɾ,nç
infɾinxe,infɾinçˈiɾ,nç
infɾinxe,infɾinçˈiɾ,nç
infɾinxe,infɾinçˈiɾ,nç
infɾinxe,infɾinçˈiɾ,nç
infɾinxe,infɾinçˈiɾ,nç
infɾinxe,infɾinçˈiɾ,nç
infɾinxe,infɾinçˈiɾ,nç
infɾinxe,infɾinçˈiɾ,nç
infɾinxe,infɾinçˈiɾ,nç
infɾinxe,infɾinçˈiɾ,nç
infɾinxe,infɾinçˈiɾ,nç
infɾinxe,infɾinçˈiɾ,nç
infɾinxe,infɾinçˈiɾ,nç
infɾinxe,infɾinçˈiɾ,nç
infɾinxe,infɾinçˈiɾ,nç
infɾinçe,infɾinçˈiɾ,nç
infɾinçe,infɾinçˈiɾ,nç
infɾinçamos,infɾinçˈiɾ,nç
infɾinçajs,infɾinçˈiɾ,nç
infɾinxe,infɾinçˈiɾ,nç
infɾinxee,infɾinçˈiɾ,nç
infɾinxe,infɾinçˈiɾ,nç
infɾinxe,infɾinçˈiɾ,nç
infɾinxe,infɾinçˈiɾ,nç
infɾinxe,infɾinçˈiɾ,nç
infɾinçe,infɾinçˈiɾ,nç
infɾinçamos,infɾinçˈiɾ,nç
infɾinçajs,infɾinçˈiɾ,nç
infɾinxe,infɾinçˈiɾ,nç
infɾinxe,infɾinçˈiɾ,nç
infɾinxe,infɾinçˈiɾ,nç
infɾinxe,infɾinçˈiɾ,nç
infɾinxe,infɾinçˈiɾ,nç
infɾinxe,infɾinçˈiɾ,nç
infɾinçamos,infɾinçˈiɾ,nç
infɾinçajs,infɾinçˈiɾ,nç
infɾinxe,infɾinçˈiɾ,nç
infɾinxee,infɾinçˈiɾ,nç
infɾinxe,infɾinçˈiɾ,nç
infɾinxe,infɾinçˈiɾ,nç
infɾinxe,infɾinçˈiɾ,nç
infɾinxe,infɾinçˈiɾ,nç
infɾinçajs,infɾinçˈiɾ,nç
infɾinçe,infɾinçˈiɾ,nç
infɾinçejs,infɾinçˈiɾ,nç
infɾinxe,infɾinçˈiɾ,nç
infɾinçise,infɾinçˈiɾ,nç
infɾinxe,infɾinçˈiɾ,nç
infɾinxe,infɾinçˈiɾ,nç
infɾinçe,infɾinçˈiɾ,nç
infɾinxe,infɾinçˈiɾ,nç
infɾinxe,infɾinçˈiɾ,nç
infɾinxe,infɾinçˈiɾ,nç
infɾinxe,infɾinçˈiɾ,nç
infɾinxe,infɾinçˈiɾ,nç
infɾinxe,infɾinçˈiɾ,nç
infɾinxe,infɾinçˈiɾ,nç
infɾinxe,infɾinçˈiɾ,nç
infɾinxe,infɾinçˈiɾ,nç
infɾinxe,infɾinçˈiɾ,nç
infɾinxe,infɾinçˈiɾ,nç
infɾinxe,infɾinçˈiɾ,nç
infɾinxe,infɾinçˈiɾ,nç
infɾinxe,infɾinçˈiɾ,nç
infɾinxe,infɾinçˈiɾ,nç
infɾinxe,infɾinçˈiɾ,nç
infɾinxe,infɾinçˈiɾ,nç
infɾinxe,infɾinçˈiɾ,nç
infɾinxe,infɾinçˈiɾ,nç
infɾinxe,infɾinçˈiɾ,nç
infɾinxo,infɾinçˈiɾ,nç
infɾinxo,infɾinçˈiɾ,nç
infɾinçamos,infɾinçˈiɾ,nç
infɾinçajs,infɾinçˈiɾ,nç
infɾinxo,infɾinçˈiɾ,nç
infɾinxemos,infɾinçˈiɾ,nç
infɾinxo,infɾinçˈiɾ,nç
infɾinxo,infɾinçˈiɾ,nç
infɾinxo,infɾinçˈiɾ,nç
infɾinxo,infɾinçˈiɾ,nç
infɾinxo,infɾinçˈiɾ,nç
infɾinçamos,infɾinçˈiɾ,nç
infɾinçajs,infɾinçˈiɾ,nç
infɾinxo,infɾinçˈiɾ,nç
infɾinxemos,infɾinçˈiɾ,nç
infɾinxo,infɾinçˈiɾ,nç
infɾinxo,infɾinçˈiɾ,nç
infɾinxo,infɾinçˈiɾ,nç
infɾinxo,infɾinçˈiɾ,nç
infɾinçamos,infɾinçˈiɾ,nç
infɾinçajs,infɾinçˈiɾ,nç
infɾinxo,infɾinçˈiɾ,nç
infɾinxemos,infɾinçˈiɾ,nç
infɾinxo,infɾinçˈiɾ,nç
infɾinxo,infɾinçˈiɾ,nç
infɾinxo,infɾinçˈiɾ,nç
infɾinxo,infɾinçˈiɾ,nç
infɾinçajs,infɾinçˈiɾ,nç
infɾinxeo,infɾinçˈiɾ,nç
infɾinxemos,infɾinçˈiɾ,nç
infɾinxo,infɾinçˈiɾ,nç
infɾinçiso,infɾinçˈiɾ,nç
infɾinxo,infɾinçˈiɾ,nç
infɾinxo,infɾinçˈiɾ,nç
infɾinxeo,infɾinçˈiɾ,nç
infɾinxemos,infɾinçˈiɾ,nç
infɾinxo,infɾinçˈiɾ,nç
infɾinxo,infɾinçˈiɾ,nç
infɾinxo,infɾinçˈiɾ,nç
infɾinxo,infɾinçˈiɾ,nç
infɾinxemos,infɾinçˈiɾ,nç
infɾinxo,infɾinçˈiɾ,nç
infɾinxo,infɾinçˈiɾ,nç
infɾinxo,infɾinçˈiɾ,nç
infɾinxo,infɾinçˈiɾ,nç
infɾinxeo,infɾinçˈiɾ,nç
infɾinxo,infɾinçˈiɾ,nç
infɾinxeo,infɾinçˈiɾ,nç
infɾinxeo,infɾinçˈiɾ,nç
infɾinxo,infɾinçˈiɾ,nç
infɾinxo,infɾinçˈiɾ,nç
infɾinxo,infɾinçˈiɾ,nç
infɾinxo,infɾinçˈiɾ,nç
infɾinxo,infɾinçˈiɾ,nç
infɾinxo,infɾinçˈiɾ,nç
mulajs,mulçˈeɾ,lç
mulajs,mulçˈeɾ,lç
mulajs,mulçˈeɾ,lç
mulajs,mulçˈeɾ,lç
mulexajs,mulçˈeɾ,lç
mulajs,mulçˈeɾ,lç
mulajs,mulçˈeɾ,lç
mulajs,mulçˈeɾ,lç
mulajs,mulçˈeɾ,lç
mulajs,mulçˈeɾ,lç
mulajs,mulçˈeɾ,lç
mulajs,mulçˈeɾ,lç
mulajs,mulçˈeɾ,lç
mulajs,mulçˈeɾ,lç
mulajs,mulçˈeɾ,lç
mulajs,mulçˈeɾ,lç
mulajs,mulçˈeɾ,lç
mulajs,mulçˈeɾ,lç
mulajs,mulçˈeɾ,lç
mulajs,mulçˈeɾ,lç
mulajs,mulçˈeɾ,lç
mulajs,mulçˈeɾ,lç
mulajs,mulçˈeɾ,lç
mulajs,mulçˈeɾ,lç
mulajs,mulçˈeɾ,lç
mulajs,mulçˈeɾ,lç
mulajs,mulçˈeɾ,lç
mulajs,mulçˈeɾ,lç
mulajs,mulçˈeɾ,lç
mulajs,mulçˈeɾ,lç
mulajs,mulçˈeɾ,lç
mulajs,mulçˈeɾ,lç
mulajs,mulçˈeɾ,lç
mulajs,mulçˈeɾ,lç
mulxajs,mulçˈeɾ,lç
mulxajs,mulçˈeɾ,lç
mulajs,mulçˈeɾ,lç
mulajs,mulçˈeɾ,lç
mulajs,mulçˈeɾ,lç
mulajs,mulçˈeɾ,lç
mulxajs,mulçˈeɾ,lç
mulxajs,mulçˈeɾ,lç
mulxajs,mulçˈeɾ,lç
mulxajs,mulçˈeɾ,lç
mulajs,mulçˈeɾ,lç
mulxajs,mulçˈeɾ,lç
mulxajs,mulçˈeɾ,lç
mulxajs,mulçˈeɾ,lç
mulajs,mulçˈeɾ,lç
mulajs,mulçˈeɾ,lç
mulajs,mulçˈeɾ,lç
mulajs,mulçˈeɾ,lç
mulajs,mulçˈeɾ,lç
mulajs,mulçˈeɾ,lç
mulajs,mulçˈeɾ,lç
mulamos,mulçˈeɾ,lç
mulamos,mulçˈeɾ,lç
mulamos,mulçˈeɾ,lç
muljamos,mulçˈeɾ,lç
mulamos,mulçˈeɾ,lç
mulamos,mulçˈeɾ,lç
muxamos,mulçˈeɾ,lç
mulamos,mulçˈeɾ,lç
mulamos,mulçˈeɾ,lç
mulamos,mulçˈeɾ,lç
mulamos,mulçˈeɾ,lç
mulamos,mulçˈeɾ,lç
muljamos,mulçˈeɾ,lç
mulamos,mulçˈeɾ,lç
mulamos,mulçˈeɾ,lç
mulamos,mulçˈeɾ,lç
mulamos,mulçˈeɾ,lç
mulamos,mulçˈeɾ,lç
mulamos,mulçˈeɾ,lç
mulamos,mulçˈeɾ,lç
muljamos,mulçˈeɾ,lç
mulamos,mulçˈeɾ,lç
mulamos,mulçˈeɾ,lç
mulamos,mulçˈeɾ,lç
mulamos,mulçˈeɾ,lç
mulamos,mulçˈeɾ,lç
mulamos,mulçˈeɾ,lç
mulamos,mulçˈeɾ,lç
mulamos,mulçˈeɾ,lç
mulamos,mulçˈeɾ,lç
mulamos,mulçˈeɾ,lç
mulamos,mulçˈeɾ,lç
mulamos,mulçˈeɾ,lç
mulamos,mulçˈeɾ,lç
mulxamos,mulçˈeɾ,lç
mulxamos,mulçˈeɾ,lç
mulxamos,mulçˈeɾ,lç
mulamos,mulçˈeɾ,lç
mulamos,mulçˈeɾ,lç
mulamos,mulçˈeɾ,lç
mulxamos,mulçˈeɾ,lç
mulxamos,mulçˈeɾ,lç
mulxamos,mulçˈeɾ,lç
mulxamos,mulçˈeɾ,lç
mulamos,mulçˈeɾ,lç
mulxamos,mulçˈeɾ,lç
mulxamos,mulçˈeɾ,lç
mulxamos,mulçˈeɾ,lç
mulamos,mulçˈeɾ,lç
mulxamos,mulçˈeɾ,lç
mulxamos,mulçˈeɾ,lç
mulamos,mulçˈeɾ,lç
mulamos,mulçˈeɾ,lç
mulamos,mulçˈeɾ,lç
mulamos,mulçˈeɾ,lç
mulaman,mulçˈeɾ,lç
muçan,mulçˈeɾ,lç
muçan,mulçˈeɾ,lç
muxan,mulçˈeɾ,lç
mulean,mulçˈeɾ,lç
mulxan,mulçˈeɾ,lç
muxan,mulçˈeɾ,lç
muxan,mulçˈeɾ,lç
muxan,mulçˈeɾ,lç
muxan,mulçˈeɾ,lç
muxan,mulçˈeɾ,lç
muxan,mulçˈeɾ,lç
mulexan,mulçˈeɾ,lç
mulean,mulçˈeɾ,lç
mulxan,mulçˈeɾ,lç
muxan,mulçˈeɾ,lç
muxan,mulçˈeɾ,lç
muxan,mulçˈeɾ,lç
muxan,mulçˈeɾ,lç
mulan,mulçˈeɾ,lç
mulxan,mulçˈeɾ,lç
mulexan,mulçˈeɾ,lç
mulxan,mulçˈeɾ,lç
mulxan,mulçˈeɾ,lç
mulxan,mulçˈeɾ,lç
mulxan,mulçˈeɾ,lç
mulan,mulçˈeɾ,lç
mulan,mulçˈeɾ,lç
mulxan,mulçˈeɾ,lç
mulxan,mulçˈeɾ,lç
mulan,mulçˈeɾ,lç
mulxan,mulçˈeɾ,lç
mulxan,mulçˈeɾ,lç
mulan,mulçˈeɾ,lç
muxan,mulçˈeɾ,lç
muxan,mulçˈeɾ,lç
muxan,mulçˈeɾ,lç
muxan,mulçˈeɾ,lç
muxan,mulçˈeɾ,lç
muxan,mulçˈeɾ,lç
muxan,mulçˈeɾ,lç
muxan,mulçˈeɾ,lç
muxan,mulçˈeɾ,lç
muxan,mulçˈeɾ,lç
muxan,mulçˈeɾ,lç
mulxan,mulçˈeɾ,lç
mulxan,mulçˈeɾ,lç
mulxan,mulçˈeɾ,lç
mulxan,mulçˈeɾ,lç
mulxan,mulçˈeɾ,lç
mulxan,mulçˈeɾ,lç
mulxan,mulçˈeɾ,lç
mulxan,mulçˈeɾ,lç
mulan,mulçˈeɾ,lç
mulan,mulçˈeɾ,lç
mulamos,mulçˈeɾ,lç
mulças,mulçˈeɾ,lç
muças,mulçˈeɾ,lç
muxas,mulçˈeɾ,lç
muleas,mulçˈeɾ,lç
muxas,mulçˈeɾ,lç
muxas,mulçˈeɾ,lç
muxas,mulçˈeɾ,lç
muxas,mulçˈeɾ,lç
muxas,mulçˈeɾ,lç
mulças,mulçˈeɾ,lç
muxas,mulçˈeɾ,lç
mulexas,mulçˈeɾ,lç
muleas,mulçˈeɾ,lç
mulxas,mulçˈeɾ,lç
muxas,mulçˈeɾ,lç
muxas,mulçˈeɾ,lç
muxas,mulçˈeɾ,lç
muxas,mulçˈeɾ,lç
mulças,mulçˈeɾ,lç
mulxas,mulçˈeɾ,lç
mulexas,mulçˈeɾ,lç
mulxas,mulçˈeɾ,lç
mulxas,mulçˈeɾ,lç
mulxas,mulçˈeɾ,lç
mulxas,mulçˈeɾ,lç
mulas,mulçˈeɾ,lç
mulas,mulçˈeɾ,lç
mulas,mulçˈeɾ,lç
mulxas,mulçˈeɾ,lç
mulas,mulçˈeɾ,lç
mulxas,mulçˈeɾ,lç
mulas,mulçˈeɾ,lç
mulas,mulçˈeɾ,lç
muxas,mulçˈeɾ,lç
muxas,mulçˈeɾ,lç
muxas,mulçˈeɾ,lç
muxas,mulçˈeɾ,lç
muxas,mulçˈeɾ,lç
muxas,mulçˈeɾ,lç
muxas,mulçˈeɾ,lç
muxas,mulçˈeɾ,lç
muxas,mulçˈeɾ,lç
muxas,mulçˈeɾ,lç
muxas,mulçˈeɾ,lç
mulxas,mulçˈeɾ,lç
mulxas,mulçˈeɾ,lç
mulxas,mulçˈeɾ,lç
mulas,mulçˈeɾ,lç
mulxas,mulçˈeɾ,lç
mulxas,mulçˈeɾ,lç
mulas,mulçˈeɾ,lç
mulxas,mulçˈeɾ,lç
mulas,mulçˈeɾ,lç
mulas,mulçˈeɾ,lç
mulama,mulçˈeɾ,lç
mulça,mulçˈeɾ,lç
muxa,mulçˈeɾ,lç
muxa,mulçˈeɾ,lç
mulea,mulçˈeɾ,lç
mulxa,mulçˈeɾ,lç
muxa,mulçˈeɾ,lç
muxa,mulçˈeɾ,lç
muxa,mulçˈeɾ,lç
muxa,mulçˈeɾ,lç
mulça,mulçˈeɾ,lç
muxa,mulçˈeɾ,lç
mulexa,mulçˈeɾ,lç
mulea,mulçˈeɾ,lç
mulxa,mulçˈeɾ,lç
muxa,mulçˈeɾ,lç
muxa,mulçˈeɾ,lç
muxa,mulçˈeɾ,lç
muxa,mulçˈeɾ,lç
mulças,mulçˈeɾ,lç
mulja,mulçˈeɾ,lç
mulexa,mulçˈeɾ,lç
mulxa,mulçˈeɾ,lç
mulxa,mulçˈeɾ,lç
mulxa,mulçˈeɾ,lç
mulxa,mulçˈeɾ,lç
mula,mulçˈeɾ,lç
mulxa,mulçˈeɾ,lç
mulexa,mulçˈeɾ,lç
mulxa,mulçˈeɾ,lç
mulxa,mulçˈeɾ,lç
mulxa,mulçˈeɾ,lç
mulxa,mulçˈeɾ,lç
mula,mulçˈeɾ,lç
muxa,mulçˈeɾ,lç
muxa,mulçˈeɾ,lç
muxa,mulçˈeɾ,lç
muxa,mulçˈeɾ,lç
muxa,mulçˈeɾ,lç
muxa,mulçˈeɾ,lç
muxa,mulçˈeɾ,lç
muxa,mulçˈeɾ,lç
muxa,mulçˈeɾ,lç
muxa,mulçˈeɾ,lç
muxa,mulçˈeɾ,lç
mulxa,mulçˈeɾ,lç
mulxa,mulçˈeɾ,lç
mulxa,mulçˈeɾ,lç
mula,mulçˈeɾ,lç
mulxa,mulçˈeɾ,lç
mulxa,mulçˈeɾ,lç
mulxa,mulçˈeɾ,lç
mulxa,mulçˈeɾ,lç
mula,mulçˈeɾ,lç
mula,mulçˈeɾ,lç
mulajs,mulçˈeɾ,lç
mulejs,mulçˈeɾ,lç
mulejs,mulçˈeɾ,lç
mulejs,mulçˈeɾ,lç
mulejs,mulçˈeɾ,lç
mulejs,mulçˈeɾ,lç
mulejs,mulçˈeɾ,lç
muxe,mulçˈeɾ,lç
muxe,mulçˈeɾ,lç
mulejs,mulçˈeɾ,lç
mulejs,mulçˈeɾ,lç
mulejs,mulçˈeɾ,lç
mulejs,mulçˈeɾ,lç
mulejs,mulçˈeɾ,lç
mulejs,mulçˈeɾ,lç
mulejs,mulçˈeɾ,lç
mulejs,mulçˈeɾ,lç
mulejs,mulçˈeɾ,lç
mulejs,mulçˈeɾ,lç
mulejs,mulçˈeɾ,lç
mulejs,mulçˈeɾ,lç
mulejs,mulçˈeɾ,lç
mulejs,mulçˈeɾ,lç
mulejs,mulçˈeɾ,lç
mulejs,mulçˈeɾ,lç
mulejs,mulçˈeɾ,lç
mulejs,mulçˈeɾ,lç
mulejs,mulçˈeɾ,lç
mulejs,mulçˈeɾ,lç
mulejs,mulçˈeɾ,lç
mulejs,mulçˈeɾ,lç
mulejs,mulçˈeɾ,lç
mulejs,mulçˈeɾ,lç
mulejs,mulçˈeɾ,lç
mulejs,mulçˈeɾ,lç
mulejs,mulçˈeɾ,lç
mulejs,mulçˈeɾ,lç
mulejs,mulçˈeɾ,lç
mulejs,mulçˈeɾ,lç
mulejs,mulçˈeɾ,lç
mulxejs,mulçˈeɾ,lç
mulejs,mulçˈeɾ,lç
mulejs,mulçˈeɾ,lç
mulejs,mulçˈeɾ,lç
mulejs,mulçˈeɾ,lç
mulxejs,mulçˈeɾ,lç
mulxejs,mulçˈeɾ,lç
mulxejs,mulçˈeɾ,lç
mulejs,mulçˈeɾ,lç
mulejs,mulçˈeɾ,lç
mulejs,mulçˈeɾ,lç
mulejs,mulçˈeɾ,lç
mulejs,mulçˈeɾ,lç
mulejs,mulçˈeɾ,lç
mulejs,mulçˈeɾ,lç
mulamos,mulçˈeɾ,lç
mulemos,mulçˈeɾ,lç
mulemos,mulçˈeɾ,lç
mulemos,mulçˈeɾ,lç
muljemos,mulçˈeɾ,lç
mulemos,mulçˈeɾ,lç
mulemos,mulçˈeɾ,lç
mulemos,mulçˈeɾ,lç
mulemos,mulçˈeɾ,lç
muçe,mulçˈeɾ,lç
mulemos,mulçˈeɾ,lç
mulemos,mulçˈeɾ,lç
mulemos,mulçˈeɾ,lç
muljemos,mulçˈeɾ,lç
mulemos,mulçˈeɾ,lç
mulemos,mulçˈeɾ,lç
mulemos,mulçˈeɾ,lç
mulemos,mulçˈeɾ,lç
mulemos,mulçˈeɾ,lç
mulemos,mulçˈeɾ,lç
mulemos,mulçˈeɾ,lç
muljemos,mulçˈeɾ,lç
mulemos,mulçˈeɾ,lç
mulemos,mulçˈeɾ,lç
mulemos,mulçˈeɾ,lç
mulemos,mulçˈeɾ,lç
mulemos,mulçˈeɾ,lç
mulemos,mulçˈeɾ,lç
muljemos,mulçˈeɾ,lç
mulemos,mulçˈeɾ,lç
mulemos,mulçˈeɾ,lç
mulemos,mulçˈeɾ,lç
mulemos,mulçˈeɾ,lç
mulxas,mulçˈeɾ,lç
mulemos,mulçˈeɾ,lç
mulemos,mulçˈeɾ,lç
mulemos,mulçˈeɾ,lç
mulemos,mulçˈeɾ,lç
mulemos,mulçˈeɾ,lç
mule,mulçˈeɾ,lç
mulxemos,mulçˈeɾ,lç
mulemos,mulçˈeɾ,lç
mulemos,mulçˈeɾ,lç
mulemos,mulçˈeɾ,lç
mulemos,mulçˈeɾ,lç
mulxemos,mulçˈeɾ,lç
mulxemos,mulçˈeɾ,lç
mulxemos,mulçˈeɾ,lç
mulemos,mulçˈeɾ,lç
mulemos,mulçˈeɾ,lç
mulemos,mulçˈeɾ,lç
mulemos,mulçˈeɾ,lç
mulemos,mulçˈeɾ,lç
mulemos,mulçˈeɾ,lç
mulemos,mulçˈeɾ,lç
mulamen,mulçˈeɾ,lç
mulxan,mulçˈeɾ,lç
muçen,mulçˈeɾ,lç
muçen,mulçˈeɾ,lç
muçen,mulçˈeɾ,lç
muçen,mulçˈeɾ,lç
muçen,mulçˈeɾ,lç
muçen,mulçˈeɾ,lç
muçen,mulçˈeɾ,lç
muçen,mulçˈeɾ,lç
mulxan,mulçˈeɾ,lç
muçen,mulçˈeɾ,lç
muçen,mulçˈeɾ,lç
muxen,mulçˈeɾ,lç
muleen,mulçˈeɾ,lç
muçen,mulçˈeɾ,lç
muçen,mulçˈeɾ,lç
muçen,mulçˈeɾ,lç
muçen,mulçˈeɾ,lç
mulxan,mulçˈeɾ,lç
mulçen,mulçˈeɾ,lç
mulçen,mulçˈeɾ,lç
mulçen,mulçˈeɾ,lç
mulxen,mulçˈeɾ,lç
mulxen,mulçˈeɾ,lç
mulxen,mulçˈeɾ,lç
mulxen,mulçˈeɾ,lç
mulçen,mulçˈeɾ,lç
mulxan,mulçˈeɾ,lç
mulçen,mulçˈeɾ,lç
mulxan,mulçˈeɾ,lç
mulxen,mulçˈeɾ,lç
mulxen,mulçˈeɾ,lç
mulxan,mulçˈeɾ,lç
mulxan,mulçˈeɾ,lç
mulçen,mulçˈeɾ,lç
mulxan,mulçˈeɾ,lç
mulxen,mulçˈeɾ,lç
mulxen,mulçˈeɾ,lç
mulen,mulçˈeɾ,lç
muxen,mulçˈeɾ,lç
muxen,mulçˈeɾ,lç
muxen,mulçˈeɾ,lç
muxen,mulçˈeɾ,lç
muxen,mulçˈeɾ,lç
muxen,mulçˈeɾ,lç
muxen,mulçˈeɾ,lç
muxen,mulçˈeɾ,lç
muxen,mulçˈeɾ,lç
mulxen,mulçˈeɾ,lç
mulxen,mulçˈeɾ,lç
mulxen,mulçˈeɾ,lç
mulxen,mulçˈeɾ,lç
mulen,mulçˈeɾ,lç
mulen,mulçˈeɾ,lç
mulamos,mulçˈeɾ,lç
muçes,mulçˈeɾ,lç
muxas,mulçˈeɾ,lç
muçes,mulçˈeɾ,lç
muxes,mulçˈeɾ,lç
mulees,mulçˈeɾ,lç
muçes,mulçˈeɾ,lç
muçes,mulçˈeɾ,lç
muçes,mulçˈeɾ,lç
muçes,mulçˈeɾ,lç
mulçes,mulçˈeɾ,lç
muxas,mulçˈeɾ,lç
muxas,mulçˈeɾ,lç
mulexes,mulçˈeɾ,lç
mulees,mulçˈeɾ,lç
mulxes,mulçˈeɾ,lç
muçes,mulçˈeɾ,lç
muçes,mulçˈeɾ,lç
muçes,mulçˈeɾ,lç
mulxas,mulçˈeɾ,lç
mulçes,mulçˈeɾ,lç
muljes,mulçˈeɾ,lç
mulemos,mulçˈeɾ,lç
mulxes,mulçˈeɾ,lç
mulxes,mulçˈeɾ,lç
mulxes,mulçˈeɾ,lç
mules,mulçˈeɾ,lç
mulçes,mulçˈeɾ,lç
mules,mulçˈeɾ,lç
mulxes,mulçˈeɾ,lç
mulxes,mulçˈeɾ,lç
mulxes,mulçˈeɾ,lç
mulxes,mulçˈeɾ,lç
mules,mulçˈeɾ,lç
mules,mulçˈeɾ,lç
mules,mulçˈeɾ,lç
mulxes,mulçˈeɾ,lç
mulxes,mulçˈeɾ,lç
mulxes,mulçˈeɾ,lç
mules,mulçˈeɾ,lç
muxes,mulçˈeɾ,lç
muxes,mulçˈeɾ,lç
muxes,mulçˈeɾ,lç
muxes,mulçˈeɾ,lç
muxes,mulçˈeɾ,lç
muxes,mulçˈeɾ,lç
muxes,mulçˈeɾ,lç
muxes,mulçˈeɾ,lç
muxes,mulçˈeɾ,lç
mulxes,mulçˈeɾ,lç
mulxes,mulçˈeɾ,lç
mules,mulçˈeɾ,lç
mules,mulçˈeɾ,lç
mules,mulçˈeɾ,lç
mules,mulçˈeɾ,lç
mulamos,mulçˈeɾ,lç
mulçe,mulçˈeɾ,lç
muxas,mulçˈeɾ,lç
muxa,mulçˈeɾ,lç
muxe,mulçˈeɾ,lç
mulee,mulçˈeɾ,lç
mulxe,mulçˈeɾ,lç
muçe,mulçˈeɾ,lç
muçe,mulçˈeɾ,lç
muçe,mulçˈeɾ,lç
mulxan,mulçˈeɾ,lç
muxas,mulçˈeɾ,lç
muxa,mulçˈeɾ,lç
mulexe,mulçˈeɾ,lç
mulee,mulçˈeɾ,lç
mulxe,mulçˈeɾ,lç
muxe,mulçˈeɾ,lç
muxe,mulçˈeɾ,lç
muçe,mulçˈeɾ,lç
mulxas,mulçˈeɾ,lç
mulxa,mulçˈeɾ,lç
mulje,mulçˈeɾ,lç
mulexe,mulçˈeɾ,lç
mulxe,mulçˈeɾ,lç
mulxe,mulçˈeɾ,lç
mulxe,mulçˈeɾ,lç
mulxe,mulçˈeɾ,lç
mulxa,mulçˈeɾ,lç
mulje,mulçˈeɾ,lç
mulexe,mulçˈeɾ,lç
mulxe,mulçˈeɾ,lç
mulxe,mulçˈeɾ,lç
mulxe,mulçˈeɾ,lç
mulxe,mulçˈeɾ,lç
mule,mulçˈeɾ,lç
mule,mulçˈeɾ,lç
mulxe,mulçˈeɾ,lç
mulxes,mulçˈeɾ,lç
mulxe,mulçˈeɾ,lç
mulxe,mulçˈeɾ,lç
muxe,mulçˈeɾ,lç
muxe,mulçˈeɾ,lç
muxe,mulçˈeɾ,lç
muxe,mulçˈeɾ,lç
muxe,mulçˈeɾ,lç
mulxe,mulçˈeɾ,lç
muxe,mulçˈeɾ,lç
muxe,mulçˈeɾ,lç
muxe,mulçˈeɾ,lç
mulxe,mulçˈeɾ,lç
mulxe,mulçˈeɾ,lç
mule,mulçˈeɾ,lç
mulxe,mulçˈeɾ,lç
mule,mulçˈeɾ,lç
mule,mulçˈeɾ,lç
mulamos,mulçˈeɾ,lç
mulçe,mulçˈeɾ,lç
muxas,mulçˈeɾ,lç
muxa,mulçˈeɾ,lç
muxe,mulçˈeɾ,lç
mulee,mulçˈeɾ,lç
mulxe,mulçˈeɾ,lç
muçe,mulçˈeɾ,lç
muçe,mulçˈeɾ,lç
muçe,mulçˈeɾ,lç
mulxan,mulçˈeɾ,lç
muxas,mulçˈeɾ,lç
muxa,mulçˈeɾ,lç
mulexe,mulçˈeɾ,lç
mulee,mulçˈeɾ,lç
mulxe,mulçˈeɾ,lç
muxe,mulçˈeɾ,lç
muxa,mulçˈeɾ,lç
muxa,mulçˈeɾ,lç
mulxas,mulçˈeɾ,lç
mulxa,mulçˈeɾ,lç
mulje,mulçˈeɾ,lç
mulexe,mulçˈeɾ,lç
mulxe,mulçˈeɾ,lç
mulxes,mulçˈeɾ,lç
mulxe,mulçˈeɾ,lç
mulçe,mulçˈeɾ,lç
mulxa,mulçˈeɾ,lç
mulje,mulçˈeɾ,lç
mulexe,mulçˈeɾ,lç
mulxe,mulçˈeɾ,lç
mulxes,mulçˈeɾ,lç
mulxe,mulçˈeɾ,lç
mulxe,mulçˈeɾ,lç
mule,mulçˈeɾ,lç
mule,mulçˈeɾ,lç
mulçe,mulçˈeɾ,lç
mulxes,mulçˈeɾ,lç
mulxe,mulçˈeɾ,lç
mulçe,mulçˈeɾ,lç
muxe,mulçˈeɾ,lç
muxe,mulçˈeɾ,lç
muxe,mulçˈeɾ,lç
muxe,mulçˈeɾ,lç
muxe,mulçˈeɾ,lç
mulxe,mulçˈeɾ,lç
muxe,mulçˈeɾ,lç
muxe,mulçˈeɾ,lç
muxe,mulçˈeɾ,lç
mulxes,mulçˈeɾ,lç
mulxe,mulçˈeɾ,lç
mule,mulçˈeɾ,lç
mulxe,mulçˈeɾ,lç
mule,mulçˈeɾ,lç
mule,mulçˈeɾ,lç
mulamos,mulçˈeɾ,lç
mulxo,mulçˈeɾ,lç
muxo,mulçˈeɾ,lç
muxo,mulçˈeɾ,lç
muxo,mulçˈeɾ,lç
mulemos,mulçˈeɾ,lç
mulxo,mulçˈeɾ,lç
muxo,mulçˈeɾ,lç
muxo,mulçˈeɾ,lç
muxo,mulçˈeɾ,lç
mulxo,mulçˈeɾ,lç
mulexo,mulçˈeɾ,lç
muxo,mulçˈeɾ,lç
mulexo,mulçˈeɾ,lç
mulemos,mulçˈeɾ,lç
mulxo,mulçˈeɾ,lç
muxo,mulçˈeɾ,lç
muxo,mulçˈeɾ,lç
muxo,mulçˈeɾ,lç
mulxo,mulçˈeɾ,lç
mulo,mulçˈeɾ,lç
muljo,mulçˈeɾ,lç
mulxo,mulçˈeɾ,lç
mulxo,mulçˈeɾ,lç
mulxo,mulçˈeɾ,lç
mulxo,mulçˈeɾ,lç
mulxo,mulçˈeɾ,lç
mulo,mulçˈeɾ,lç
mulxo,mulçˈeɾ,lç
mulxo,mulçˈeɾ,lç
mulxo,mulçˈeɾ,lç
mulxo,mulçˈeɾ,lç
mulxo,mulçˈeɾ,lç
mulxo,mulçˈeɾ,lç
mulo,mulçˈeɾ,lç
mulxo,mulçˈeɾ,lç
mulo,mulçˈeɾ,lç
mulo,mulçˈeɾ,lç
mulo,mulçˈeɾ,lç
mulo,mulçˈeɾ,lç
mulemos,mulçˈeɾ,lç
muxo,mulçˈeɾ,lç
muxo,mulçˈeɾ,lç
muxo,mulçˈeɾ,lç
muxo,mulçˈeɾ,lç
mulxo,mulçˈeɾ,lç
muxo,mulçˈeɾ,lç
muxo,mulçˈeɾ,lç
muxo,mulçˈeɾ,lç
mulxo,mulçˈeɾ,lç
mulo,mulçˈeɾ,lç
mulo,mulçˈeɾ,lç
mulo,mulçˈeɾ,lç
mulo,mulçˈeɾ,lç
mulo,mulçˈeɾ,lç
obetajs,obtenˈeɾ,n
obetenajs,obtenˈeɾ,n
obetajs,obtenˈeɾ,n
obetajs,obtenˈeɾ,n
obetajs,obtenˈeɾ,n
obetajs,obtenˈeɾ,n
obetajs,obtenˈeɾ,n
obetajs,obtenˈeɾ,n
obetajs,obtenˈeɾ,n
obetajs,obtenˈeɾ,n
obetenɡajs,obtenˈeɾ,n
obetajs,obtenˈeɾ,n
obetajs,obtenˈeɾ,n
obetajs,obtenˈeɾ,n
obetajs,obtenˈeɾ,n
obetajs,obtenˈeɾ,n
obetajs,obtenˈeɾ,n
obetajs,obtenˈeɾ,n
obetajs,obtenˈeɾ,n
obetenɡajs,obtenˈeɾ,n
obetenɡajs,obtenˈeɾ,n
obetajs,obtenˈeɾ,n
obetajs,obtenˈeɾ,n
obotajs,obtenˈeɾ,n
obetajs,obtenˈeɾ,n
obetan,obtenˈeɾ,n
obetajs,obtenˈeɾ,n
obtenɡajs,obtenˈeɾ,n
obtenɡajs,obtenˈeɾ,n
obtenɡajs,obtenˈeɾ,n
obtenɡajs,obtenˈeɾ,n
obtenɡajs,obtenˈeɾ,n
obtenɡajs,obtenˈeɾ,n
obtenɡajs,obtenˈeɾ,n
obtenɡajs,obtenˈeɾ,n
obtenɡajs,obtenˈeɾ,n
obtenɡajs,obtenˈeɾ,n
obtenɡajs,obtenˈeɾ,n
obtenɡajs,obtenˈeɾ,n
obtenɡajs,obtenˈeɾ,n
obtenɡajs,obtenˈeɾ,n
obtenɡajs,obtenˈeɾ,n
obtenɡajs,obtenˈeɾ,n
obtenɡajs,obtenˈeɾ,n
obtenɡajs,obtenˈeɾ,n
obtenɡajs,obtenˈeɾ,n
obtenɡajs,obtenˈeɾ,n
obtenɡajs,obtenˈeɾ,n
obtenɡajs,obtenˈeɾ,n
obotajs,obtenˈeɾ,n
obtenajs,obtenˈeɾ,n
obotajs,obtenˈeɾ,n
obotenajs,obtenˈeɾ,n
obotajs,obtenˈeɾ,n
obotajs,obtenˈeɾ,n
obetamos,obtenˈeɾ,n
obetamos,obtenˈeɾ,n
obetamos,obtenˈeɾ,n
obetamos,obtenˈeɾ,n
obetamos,obtenˈeɾ,n
obetamos,obtenˈeɾ,n
obetamos,obtenˈeɾ,n
obetamos,obtenˈeɾ,n
obetamos,obtenˈeɾ,n
obetamos,obtenˈeɾ,n
obtenɡamos,obtenˈeɾ,n
obetamos,obtenˈeɾ,n
obetamos,obtenˈeɾ,n
obetamos,obtenˈeɾ,n
obetamos,obtenˈeɾ,n
obetamos,obtenˈeɾ,n
obetamos,obtenˈeɾ,n
obetamos,obtenˈeɾ,n
obetamos,obtenˈeɾ,n
obetenɡamos,obtenˈeɾ,n
obonɡamos,obtenˈeɾ,n
obetamos,obtenˈeɾ,n
obetamos,obtenˈeɾ,n
obetamos,obtenˈeɾ,n
obetamos,obtenˈeɾ,n
obenɡas,obtenˈeɾ,n
obetamos,obtenˈeɾ,n
obtenɡamos,obtenˈeɾ,n
obtenɡamos,obtenˈeɾ,n
obtenɡamos,obtenˈeɾ,n
obtenɡamos,obtenˈeɾ,n
obtenɡamos,obtenˈeɾ,n
obtenɡamos,obtenˈeɾ,n
obtenɡamos,obtenˈeɾ,n
obtenɡamos,obtenˈeɾ,n
obtenɡamos,obtenˈeɾ,n
obtenɡamos,obtenˈeɾ,n
obtenɡamos,obtenˈeɾ,n
obtenɡamos,obtenˈeɾ,n
obtenɡamos,obtenˈeɾ,n
obtenɡamos,obtenˈeɾ,n
obtenɡamos,obtenˈeɾ,n
obtenɡamos,obtenˈeɾ,n
obtenɡamos,obtenˈeɾ,n
obtenɡamos,obtenˈeɾ,n
obtenɡamos,obtenˈeɾ,n
obtenɡamos,obtenˈeɾ,n
obtenɡamos,obtenˈeɾ,n
obtenɡamos,obtenˈeɾ,n
obotamos,obtenˈeɾ,n
obotamos,obtenˈeɾ,n
obotamos,obtenˈeɾ,n
obotenamos,obtenˈeɾ,n
obotenamos,obtenˈeɾ,n
obtenamos,obtenˈeɾ,n
obetajs,obtenˈeɾ,n
obetejs,obtenˈeɾ,n
obetejs,obtenˈeɾ,n
obetejs,obtenˈeɾ,n
obetejs,obtenˈeɾ,n
obetejs,obtenˈeɾ,n
obotejs,obtenˈeɾ,n
obetejs,obtenˈeɾ,n
obentas,obtenˈeɾ,n
obetejs,obtenˈeɾ,n
obotenejs,obtenˈeɾ,n
obetejs,obtenˈeɾ,n
obetenejs,obtenˈeɾ,n
obetejs,obtenˈeɾ,n
obetejs,obtenˈeɾ,n
obotejs,obtenˈeɾ,n
obetejs,obtenˈeɾ,n
obentas,obtenˈeɾ,n
obenta,obtenˈeɾ,n
obotenejs,obtenˈeɾ,n
obonɡejs,obtenˈeɾ,n
obotejs,obtenˈeɾ,n
obotejs,obtenˈeɾ,n
obotejs,obtenˈeɾ,n
obenɡan,obtenˈeɾ,n
obenɡas,obtenˈeɾ,n
obenɡa,obtenˈeɾ,n
obtenɡejs,obtenˈeɾ,n
obotejs,obtenˈeɾ,n
obotejs,obtenˈeɾ,n
obotejs,obtenˈeɾ,n
obtenɡejs,obtenˈeɾ,n
obtenɡas,obtenˈeɾ,n
obotejs,obtenˈeɾ,n
obotejs,obtenˈeɾ,n
obotejs,obtenˈeɾ,n
obotejs,obtenˈeɾ,n
obtenɡejs,obtenˈeɾ,n
obtenɡas,obtenˈeɾ,n
obotejs,obtenˈeɾ,n
obtenɡejs,obtenˈeɾ,n
obotejs,obtenˈeɾ,n
obtenɡejs,obtenˈeɾ,n
obtenɡas,obtenˈeɾ,n
obotejs,obtenˈeɾ,n
obotejs,obtenˈeɾ,n
obtenɡejs,obtenˈeɾ,n
obtenɡas,obtenˈeɾ,n
obotejs,obtenˈeɾ,n
obotejs,obtenˈeɾ,n
obtenɡas,obtenˈeɾ,n
obotejs,obtenˈeɾ,n
obotenas,obtenˈeɾ,n
obotejs,obtenˈeɾ,n
obotejs,obtenˈeɾ,n
obetamos,obtenˈeɾ,n
obetemos,obtenˈeɾ,n
obetemos,obtenˈeɾ,n
obetemos,obtenˈeɾ,n
obetemos,obtenˈeɾ,n
obetemos,obtenˈeɾ,n
obetemos,obtenˈeɾ,n
obetemos,obtenˈeɾ,n
obetemos,obtenˈeɾ,n
obetemos,obtenˈeɾ,n
obetenemos,obtenˈeɾ,n
obetenemos,obtenˈeɾ,n
obenɡas,obtenˈeɾ,n
obetemos,obtenˈeɾ,n
obetemos,obtenˈeɾ,n
obotemos,obtenˈeɾ,n
obetemos,obtenˈeɾ,n
obentas,obtenˈeɾ,n
obetemos,obtenˈeɾ,n
obtenɡemos,obtenˈeɾ,n
obonɡemos,obtenˈeɾ,n
obtenɡemos,obtenˈeɾ,n
obtenɡemos,obtenˈeɾ,n
obotemos,obtenˈeɾ,n
obtenɡemos,obtenˈeɾ,n
obenɡas,obtenˈeɾ,n
obtenɡemos,obtenˈeɾ,n
obtenɡemos,obtenˈeɾ,n
obtenɡemos,obtenˈeɾ,n
obtenɡemos,obtenˈeɾ,n
obtenɡemos,obtenˈeɾ,n
obtenɡemos,obtenˈeɾ,n
obtenɡemos,obtenˈeɾ,n
obtenɡemos,obtenˈeɾ,n
obtenɡemos,obtenˈeɾ,n
obtenɡemos,obtenˈeɾ,n
obtenɡemos,obtenˈeɾ,n
obtenɡemos,obtenˈeɾ,n
obtenɡemos,obtenˈeɾ,n
obtenɡemos,obtenˈeɾ,n
obtenɡemos,obtenˈeɾ,n
obtenɡemos,obtenˈeɾ,n
obtenɡemos,obtenˈeɾ,n
obtenɡemos,obtenˈeɾ,n
obtenɡemos,obtenˈeɾ,n
obtenɡemos,obtenˈeɾ,n
obtenɡemos,obtenˈeɾ,n
obtenɡas,obtenˈeɾ,n
obtenɡemos,obtenˈeɾ,n
obtenɡemos,obtenˈeɾ,n
obtenɡas,obtenˈeɾ,n
obtemos,obtenˈeɾ,n
obotemos,obtenˈeɾ,n
obotemos,obtenˈeɾ,n
obotemos,obtenˈeɾ,n
obenen,obtenˈeɾ,n
obenɡan,obtenˈeɾ,n
obenɡan,obtenˈeɾ,n
obtenɡan,obtenˈeɾ,n
obtenɡen,obtenˈeɾ,n
obtenɡen,obtenˈeɾ,n
obenɡan,obtenˈeɾ,n
obtenan,obtenˈeɾ,n
obtenan,obtenˈeɾ,n
obtenan,obtenˈeɾ,n
obenɡan,obtenˈeɾ,n
obenɡan,obtenˈeɾ,n
obenɡan,obtenˈeɾ,n
obenɡen,obtenˈeɾ,n
obenɡen,obtenˈeɾ,n
obenɡan,obtenˈeɾ,n
obentan,obtenˈeɾ,n
obentan,obtenˈeɾ,n
obentan,obtenˈeɾ,n
obenɡan,obtenˈeɾ,n
obtenɡen,obtenˈeɾ,n
obtenɡen,obtenˈeɾ,n
obtenɡen,obtenˈeɾ,n
obenɡen,obtenˈeɾ,n
obenɡan,obtenˈeɾ,n
obenɡan,obtenˈeɾ,n
obenɡan,obtenˈeɾ,n
obenɡan,obtenˈeɾ,n
obenɡen,obtenˈeɾ,n
obenɡen,obtenˈeɾ,n
obenɡen,obtenˈeɾ,n
obenɡan,obtenˈeɾ,n
obenɡan,obtenˈeɾ,n
obenɡan,obtenˈeɾ,n
obeten,obtenˈeɾ,n
obeten,obtenˈeɾ,n
obeten,obtenˈeɾ,n
obetan,obtenˈeɾ,n
obtenɡan,obtenˈeɾ,n
obtenɡa,obtenˈeɾ,n
obeten,obtenˈeɾ,n
obeten,obtenˈeɾ,n
obetan,obtenˈeɾ,n
obenɡan,obtenˈeɾ,n
obetan,obtenˈeɾ,n
obeten,obtenˈeɾ,n
obetan,obtenˈeɾ,n
obenɡan,obtenˈeɾ,n
obetan,obtenˈeɾ,n
obetan,obtenˈeɾ,n
obetan,obtenˈeɾ,n
obetan,obtenˈeɾ,n
obtenan,obtenˈeɾ,n
obtenan,obtenˈeɾ,n
obtenan,obtenˈeɾ,n
obetamos,obtenˈeɾ,n
obenɡas,obtenˈeɾ,n
obenɡas,obtenˈeɾ,n
obenɡes,obtenˈeɾ,n
obtenɡes,obtenˈeɾ,n
obtenɡes,obtenˈeɾ,n
obenɡas,obtenˈeɾ,n
obtenas,obtenˈeɾ,n
obentas,obtenˈeɾ,n
obtenas,obtenˈeɾ,n
obenɡas,obtenˈeɾ,n
obenɡes,obtenˈeɾ,n
obenɡes,obtenˈeɾ,n
obenɡes,obtenˈeɾ,n
obenɡes,obtenˈeɾ,n
obenɡas,obtenˈeɾ,n
obentes,obtenˈeɾ,n
obentas,obtenˈeɾ,n
obentas,obtenˈeɾ,n
obenɡas,obtenˈeɾ,n
obenɡes,obtenˈeɾ,n
obenɡes,obtenˈeɾ,n
obenɡes,obtenˈeɾ,n
obenɡes,obtenˈeɾ,n
obenɡas,obtenˈeɾ,n
obenɡas,obtenˈeɾ,n
obenɡas,obtenˈeɾ,n
obenɡes,obtenˈeɾ,n
obenɡes,obtenˈeɾ,n
obenɡes,obtenˈeɾ,n
obenɡes,obtenˈeɾ,n
obenɡas,obtenˈeɾ,n
obenɡas,obtenˈeɾ,n
obenɡas,obtenˈeɾ,n
obtenɡes,obtenˈeɾ,n
obtenɡes,obtenˈeɾ,n
obtenɡes,obtenˈeɾ,n
obtenɡas,obtenˈeɾ,n
obtenɡas,obtenˈeɾ,n
obetas,obtenˈeɾ,n
obetes,obtenˈeɾ,n
obetes,obtenˈeɾ,n
obetes,obtenˈeɾ,n
obenɡas,obtenˈeɾ,n
obetas,obtenˈeɾ,n
obetes,obtenˈeɾ,n
obetes,obtenˈeɾ,n
obenɡas,obtenˈeɾ,n
obetas,obtenˈeɾ,n
obetas,obtenˈeɾ,n
obenɡas,obtenˈeɾ,n
obetas,obtenˈeɾ,n
obtenas,obtenˈeɾ,n
obtenas,obtenˈeɾ,n
obtenas,obtenˈeɾ,n
obene,obtenˈeɾ,n
obenɡe,obtenˈeɾ,n
obenɡe,obtenˈeɾ,n
obtenɡe,obtenˈeɾ,n
obtenɡe,obtenˈeɾ,n
obtenɡe,obtenˈeɾ,n
obenɡe,obtenˈeɾ,n
obtena,obtenˈeɾ,n
obtene,obtenˈeɾ,n
obtena,obtenˈeɾ,n
obenɡe,obtenˈeɾ,n
obenɡe,obtenˈeɾ,n
obenɡe,obtenˈeɾ,n
obenɡe,obtenˈeɾ,n
obenɡe,obtenˈeɾ,n
obenɡe,obtenˈeɾ,n
obenta,obtenˈeɾ,n
obenta,obtenˈeɾ,n
obenta,obtenˈeɾ,n
obenɡe,obtenˈeɾ,n
obtenɡe,obtenˈeɾ,n
obtenɡe,obtenˈeɾ,n
obtenɡe,obtenˈeɾ,n
obenɡe,obtenˈeɾ,n
obenɡa,obtenˈeɾ,n
obenɡa,obtenˈeɾ,n
obenɡa,obtenˈeɾ,n
obenɡe,obtenˈeɾ,n
obenɡe,obtenˈeɾ,n
obenɡe,obtenˈeɾ,n
obenɡe,obtenˈeɾ,n
obenɡa,obtenˈeɾ,n
obenɡa,obtenˈeɾ,n
obenɡa,obtenˈeɾ,n
obtenɡe,obtenˈeɾ,n
obtenɡe,obtenˈeɾ,n
obtenɡe,obtenˈeɾ,n
obetan,obtenˈeɾ,n
obtenɡa,obtenˈeɾ,n
obeta,obtenˈeɾ,n
obtenɡe,obtenˈeɾ,n
obtenɡe,obtenˈeɾ,n
obtenɡa,obtenˈeɾ,n
obtenɡa,obtenˈeɾ,n
obeta,obtenˈeɾ,n
obete,obtenˈeɾ,n
obetan,obtenˈeɾ,n
obtenɡa,obtenˈeɾ,n
obeta,obtenˈeɾ,n
obetan,obtenˈeɾ,n
obetas,obtenˈeɾ,n
obeta,obtenˈeɾ,n
obtene,obtenˈeɾ,n
obtena,obtenˈeɾ,n
obtena,obtenˈeɾ,n
obetan,obtenˈeɾ,n
obenɡe,obtenˈeɾ,n
obtene,obtenˈeɾ,n
obtenɡe,obtenˈeɾ,n
obtenɡe,obtenˈeɾ,n
obtenɡe,obtenˈeɾ,n
obenɡa,obtenˈeɾ,n
obtena,obtenˈeɾ,n
obtene,obtenˈeɾ,n
obtena,obtenˈeɾ,n
obenɡe,obtenˈeɾ,n
obenɡe,obtenˈeɾ,n
obenɡe,obtenˈeɾ,n
obenɡe,obtenˈeɾ,n
obenɡe,obtenˈeɾ,n
obenɡa,obtenˈeɾ,n
obente,obtenˈeɾ,n
obenta,obtenˈeɾ,n
obenta,obtenˈeɾ,n
obenɡe,obtenˈeɾ,n
obtenɡe,obtenˈeɾ,n
obtenɡe,obtenˈeɾ,n
obtenɡe,obtenˈeɾ,n
obenɡe,obtenˈeɾ,n
obenɡa,obtenˈeɾ,n
obenɡa,obtenˈeɾ,n
obenɡa,obtenˈeɾ,n
obenɡe,obtenˈeɾ,n
obenɡe,obtenˈeɾ,n
obenɡe,obtenˈeɾ,n
obenɡe,obtenˈeɾ,n
obenɡa,obtenˈeɾ,n
obenɡa,obtenˈeɾ,n
obenɡa,obtenˈeɾ,n
obtenɡe,obtenˈeɾ,n
obtenɡe,obtenˈeɾ,n
obtenɡe,obtenˈeɾ,n
obtenɡa,obtenˈeɾ,n
obtenɡa,obtenˈeɾ,n
obeta,obtenˈeɾ,n
obtenɡe,obtenˈeɾ,n
obete,obtenˈeɾ,n
obeten,obtenˈeɾ,n
obtenɡa,obtenˈeɾ,n
obeta,obtenˈeɾ,n
obete,obtenˈeɾ,n
obetan,obtenˈeɾ,n
obtenɡa,obtenˈeɾ,n
obeta,obtenˈeɾ,n
obetan,obtenˈeɾ,n
obetas,obtenˈeɾ,n
obeta,obtenˈeɾ,n
obtene,obtenˈeɾ,n
obtena,obtenˈeɾ,n
obtena,obtenˈeɾ,n
obetamos,obtenˈeɾ,n
obenɡo,obtenˈeɾ,n
obenɡo,obtenˈeɾ,n
obenɡo,obtenˈeɾ,n
obenɡo,obtenˈeɾ,n
obtenɡo,obtenˈeɾ,n
obenɡo,obtenˈeɾ,n
obento,obtenˈeɾ,n
obento,obtenˈeɾ,n
obteno,obtenˈeɾ,n
obenɡo,obtenˈeɾ,n
obenɡo,obtenˈeɾ,n
obenɡo,obtenˈeɾ,n
obenɡo,obtenˈeɾ,n
obenɡo,obtenˈeɾ,n
obenɡo,obtenˈeɾ,n
obento,obtenˈeɾ,n
obento,obtenˈeɾ,n
obento,obtenˈeɾ,n
obenɡo,obtenˈeɾ,n
obenɡo,obtenˈeɾ,n
obenɡo,obtenˈeɾ,n
obenɡo,obtenˈeɾ,n
obenɡo,obtenˈeɾ,n
obenɡo,obtenˈeɾ,n
obenɡo,obtenˈeɾ,n
obenɡo,obtenˈeɾ,n
obenɡo,obtenˈeɾ,n
obenɡo,obtenˈeɾ,n
obenɡo,obtenˈeɾ,n
obenɡo,obtenˈeɾ,n
obenɡo,obtenˈeɾ,n
obenɡo,obtenˈeɾ,n
obenɡo,obtenˈeɾ,n
obtenɡo,obtenˈeɾ,n
obtenɡo,obtenˈeɾ,n
obtenɡo,obtenˈeɾ,n
obtenɡo,obtenˈeɾ,n
obtenɡo,obtenˈeɾ,n
obtenɡo,obtenˈeɾ,n
obtenɡo,obtenˈeɾ,n
obtenɡo,obtenˈeɾ,n
obtenɡo,obtenˈeɾ,n
obtenɡo,obtenˈeɾ,n
obenɡo,obtenˈeɾ,n
obtenɡo,obtenˈeɾ,n
obtenɡo,obtenˈeɾ,n
obtenɡo,obtenˈeɾ,n
obeto,obtenˈeɾ,n
obtenɡo,obtenˈeɾ,n
obtenɡo,obtenˈeɾ,n
obeto,obtenˈeɾ,n
obejno,obtenˈeɾ,n
obteno,obtenˈeɾ,n
obteno,obtenˈeɾ,n
obetenan,obtenˈeɾ,n
obenɡan,obtenˈeɾ,n
obenɡan,obtenˈeɾ,n
obenɡan,obtenˈeɾ,n
obenɡan,obtenˈeɾ,n
obtenɡan,obtenˈeɾ,n
obenɡan,obtenˈeɾ,n
obenɡan,obtenˈeɾ,n
obentan,obtenˈeɾ,n
obtenan,obtenˈeɾ,n
obenɡan,obtenˈeɾ,n
obenɡan,obtenˈeɾ,n
obenɡan,obtenˈeɾ,n
obenɡan,obtenˈeɾ,n
obenɡan,obtenˈeɾ,n
obenɡan,obtenˈeɾ,n
obenɡan,obtenˈeɾ,n
obentan,obtenˈeɾ,n
obentan,obtenˈeɾ,n
obenɡan,obtenˈeɾ,n
obenɡan,obtenˈeɾ,n
obenɡan,obtenˈeɾ,n
obenɡan,obtenˈeɾ,n
obenɡan,obtenˈeɾ,n
obenɡan,obtenˈeɾ,n
obenɡan,obtenˈeɾ,n
obenɡan,obtenˈeɾ,n
obenɡan,obtenˈeɾ,n
obenɡan,obtenˈeɾ,n
obenɡan,obtenˈeɾ,n
obenɡan,obtenˈeɾ,n
obenɡan,obtenˈeɾ,n
obenɡan,obtenˈeɾ,n
obenɡan,obtenˈeɾ,n
obtenɡan,obtenˈeɾ,n
obtenɡan,obtenˈeɾ,n
obtenɡan,obtenˈeɾ,n
obtenɡan,obtenˈeɾ,n
obenɡan,obtenˈeɾ,n
obetan,obtenˈeɾ,n
obetan,obtenˈeɾ,n
obetan,obtenˈeɾ,n
obtenɡan,obtenˈeɾ,n
obenɡan,obtenˈeɾ,n
obetan,obtenˈeɾ,n
obetan,obtenˈeɾ,n
obetan,obtenˈeɾ,n
obetan,obtenˈeɾ,n
obetan,obtenˈeɾ,n
obetan,obtenˈeɾ,n
obenɡan,obtenˈeɾ,n
obetan,obtenˈeɾ,n
obetan,obtenˈeɾ,n
obetan,obtenˈeɾ,n
obtenan,obtenˈeɾ,n
obetamas,obtenˈeɾ,n
obenɡas,obtenˈeɾ,n
obenɡas,obtenˈeɾ,n
obenɡas,obtenˈeɾ,n
obenɡas,obtenˈeɾ,n
obenɡas,obtenˈeɾ,n
obenɡas,obtenˈeɾ,n
obenɡas,obtenˈeɾ,n
obentas,obtenˈeɾ,n
obentas,obtenˈeɾ,n
obenɡas,obtenˈeɾ,n
obenɡas,obtenˈeɾ,n
obenɡas,obtenˈeɾ,n
obenɡas,obtenˈeɾ,n
obenɡas,obtenˈeɾ,n
obenɡas,obtenˈeɾ,n
obenɡas,obtenˈeɾ,n
obentas,obtenˈeɾ,n
obentas,obtenˈeɾ,n
obenɡas,obtenˈeɾ,n
obenɡas,obtenˈeɾ,n
obenɡas,obtenˈeɾ,n
obenɡas,obtenˈeɾ,n
obenɡas,obtenˈeɾ,n
obenɡas,obtenˈeɾ,n
obenɡas,obtenˈeɾ,n
obenɡas,obtenˈeɾ,n
obenɡas,obtenˈeɾ,n
obenɡas,obtenˈeɾ,n
obenɡas,obtenˈeɾ,n
obenɡas,obtenˈeɾ,n
obenɡas,obtenˈeɾ,n
obenɡas,obtenˈeɾ,n
obenɡas,obtenˈeɾ,n
obtenɡas,obtenˈeɾ,n
obtenɡas,obtenˈeɾ,n
obtenɡas,obtenˈeɾ,n
obtenɡas,obtenˈeɾ,n
obtenɡas,obtenˈeɾ,n
obetas,obtenˈeɾ,n
obtenɡas,obtenˈeɾ,n
obtenɡas,obtenˈeɾ,n
obtenɡas,obtenˈeɾ,n
obtenɡas,obtenˈeɾ,n
obetas,obtenˈeɾ,n
obetas,obtenˈeɾ,n
obetas,obtenˈeɾ,n
obetas,obtenˈeɾ,n
obetas,obtenˈeɾ,n
obetas,obtenˈeɾ,n
obetas,obtenˈeɾ,n
obetas,obtenˈeɾ,n
obetas,obtenˈeɾ,n
obetas,obtenˈeɾ,n
obtenas,obtenˈeɾ,n
obetena,obtenˈeɾ,n
obenɡa,obtenˈeɾ,n
obenɡa,obtenˈeɾ,n
obenɡa,obtenˈeɾ,n
obenɡa,obtenˈeɾ,n
obtenɡa,obtenˈeɾ,n
obtenɡa,obtenˈeɾ,n
obenɡa,obtenˈeɾ,n
obtena,obtenˈeɾ,n
obtena,obtenˈeɾ,n
obenɡa,obtenˈeɾ,n
obenɡa,obtenˈeɾ,n
obenɡa,obtenˈeɾ,n
obenɡa,obtenˈeɾ,n
obenɡa,obtenˈeɾ,n
obenɡa,obtenˈeɾ,n
obenɡa,obtenˈeɾ,n
obenta,obtenˈeɾ,n
obenta,obtenˈeɾ,n
obenɡa,obtenˈeɾ,n
obtenɡa,obtenˈeɾ,n
obtenɡa,obtenˈeɾ,n
obtenɡa,obtenˈeɾ,n
obtenɡa,obtenˈeɾ,n
obenɡa,obtenˈeɾ,n
obenɡa,obtenˈeɾ,n
obenɡa,obtenˈeɾ,n
obenɡa,obtenˈeɾ,n
obenɡa,obtenˈeɾ,n
obenɡa,obtenˈeɾ,n
obenɡa,obtenˈeɾ,n
obenɡa,obtenˈeɾ,n
obenɡa,obtenˈeɾ,n
obenɡa,obtenˈeɾ,n
obtenɡa,obtenˈeɾ,n
obtenɡa,obtenˈeɾ,n
obtenɡa,obtenˈeɾ,n
obeta,obtenˈeɾ,n
obtenɡa,obtenˈeɾ,n
obtenɡa,obtenˈeɾ,n
obtenɡa,obtenˈeɾ,n
obeta,obtenˈeɾ,n
obeta,obtenˈeɾ,n
obetan,obtenˈeɾ,n
obtenɡa,obtenˈeɾ,n
obeta,obtenˈeɾ,n
obeta,obtenˈeɾ,n
obeta,obtenˈeɾ,n
obenɡa,obtenˈeɾ,n
obeta,obtenˈeɾ,n
obeta,obtenˈeɾ,n
obenɡa,obtenˈeɾ,n
obeta,obtenˈeɾ,n
obeta,obtenˈeɾ,n
obtena,obtenˈeɾ,n
konosajs,konosˈeɾ,s
konosajs,konosˈeɾ,s
konosajs,konosˈeɾ,s
konosjajs,konosˈeɾ,s
konoskajs,konosˈeɾ,s
konoskajs,konosˈeɾ,s
konoskajs,konosˈeɾ,s
konoskajs,konosˈeɾ,s
konoskajs,konosˈeɾ,s
konoskajs,konosˈeɾ,s
konosajs,konosˈeɾ,s
konosajs,konosˈeɾ,s
konosjajs,konosˈeɾ,s
konosajs,konosˈeɾ,s
konosajs,konosˈeɾ,s
konosajs,konosˈeɾ,s
konosajs,konosˈeɾ,s
konosajs,konosˈeɾ,s
konosajs,konosˈeɾ,s
konosajs,konosˈeɾ,s
konosjajs,konosˈeɾ,s
konosajs,konosˈeɾ,s
konoskajs,konosˈeɾ,s
konoskajs,konosˈeɾ,s
konosajs,konosˈeɾ,s
konosajs,konosˈeɾ,s
konosajs,konosˈeɾ,s
konosjajs,konosˈeɾ,s
konosajs,konosˈeɾ,s
konosajs,konosˈeɾ,s
konosajs,konosˈeɾ,s
konosajs,konosˈeɾ,s
konosajs,konosˈeɾ,s
konosajs,konosˈeɾ,s
konoskajs,konosˈeɾ,s
konoskajs,konosˈeɾ,s
konoskajs,konosˈeɾ,s
konoskajs,konosˈeɾ,s
konoskajs,konosˈeɾ,s
konoskajs,konosˈeɾ,s
konoskajs,konosˈeɾ,s
konoskajs,konosˈeɾ,s
konoskajs,konosˈeɾ,s
konoskajs,konosˈeɾ,s
konoskajs,konosˈeɾ,s
konoskajs,konosˈeɾ,s
konoskajs,konosˈeɾ,s
konoskajs,konosˈeɾ,s
konoskajs,konosˈeɾ,s
konoskajs,konosˈeɾ,s
konoskajs,konosˈeɾ,s
konoskajs,konosˈeɾ,s
konoskajs,konosˈeɾ,s
konoskajs,konosˈeɾ,s
konoskajs,konosˈeɾ,s
konosamos,konosˈeɾ,s
konosamos,konosˈeɾ,s
konosamos,konosˈeɾ,s
konosjamos,konosˈeɾ,s
konoskamos,konosˈeɾ,s
konoskamos,konosˈeɾ,s
konoskamos,konosˈeɾ,s
konoskamos,konosˈeɾ,s
konoskamos,konosˈeɾ,s
konoskamos,konosˈeɾ,s
konosamos,konosˈeɾ,s
konosamos,konosˈeɾ,s
konosjamos,konosˈeɾ,s
konosamos,konosˈeɾ,s
konosamos,konosˈeɾ,s
konoskamos,konosˈeɾ,s
konosamos,konosˈeɾ,s
konosamos,konosˈeɾ,s
konosamos,konosˈeɾ,s
konosamos,konosˈeɾ,s
konosjamos,konosˈeɾ,s
konosamos,konosˈeɾ,s
konoskamos,konosˈeɾ,s
konoskamos,konosˈeɾ,s
konoskamos,konosˈeɾ,s
konoskamos,konosˈeɾ,s
konosamos,konosˈeɾ,s
konosjamos,konosˈeɾ,s
konosamos,konosˈeɾ,s
konosamos,konosˈeɾ,s
konosamos,konosˈeɾ,s
konosamos,konosˈeɾ,s
konosamos,konosˈeɾ,s
konosamos,konosˈeɾ,s
konoskamos,konosˈeɾ,s
konoskamos,konosˈeɾ,s
konoskamos,konosˈeɾ,s
konoskamos,konosˈeɾ,s
konoskamos,konosˈeɾ,s
konoskamos,konosˈeɾ,s
konoskamos,konosˈeɾ,s
konoskamos,konosˈeɾ,s
konoskamos,konosˈeɾ,s
konoskamos,konosˈeɾ,s
konoskamos,konosˈeɾ,s
konoskamos,konosˈeɾ,s
konoskamos,konosˈeɾ,s
konoskamos,konosˈeɾ,s
konoskamos,konosˈeɾ,s
konoskamos,konosˈeɾ,s
konoskamos,konosˈeɾ,s
konoskamos,konosˈeɾ,s
konoskamos,konosˈeɾ,s
konoskamos,konosˈeɾ,s
konoskamos,konosˈeɾ,s
konosan,konosˈeɾ,s
konosan,konosˈeɾ,s
konosan,konosˈeɾ,s
konosjan,konosˈeɾ,s
konoskan,konosˈeɾ,s
konoskan,konosˈeɾ,s
konoskan,konosˈeɾ,s
konoskan,konosˈeɾ,s
konoskan,konosˈeɾ,s
konoskan,konosˈeɾ,s
konosan,konosˈeɾ,s
konosan,konosˈeɾ,s
konoskan,konosˈeɾ,s
konoskan,konosˈeɾ,s
konoskan,konosˈeɾ,s
konoskan,konosˈeɾ,s
konoskan,konosˈeɾ,s
konoskan,konosˈeɾ,s
konoskan,konosˈeɾ,s
konosan,konosˈeɾ,s
konosjan,konosˈeɾ,s
konosan,konosˈeɾ,s
konoskan,konosˈeɾ,s
konosan,konosˈeɾ,s
konosan,konosˈeɾ,s
konosan,konosˈeɾ,s
konosan,konosˈeɾ,s
konosjan,konosˈeɾ,s
konosan,konosˈeɾ,s
konosan,konosˈeɾ,s
konosan,konosˈeɾ,s
konosan,konosˈeɾ,s
konosan,konosˈeɾ,s
konosan,konosˈeɾ,s
konoskan,konosˈeɾ,s
konoskan,konosˈeɾ,s
konsoskan,konosˈeɾ,s
konoskan,konosˈeɾ,s
konoskan,konosˈeɾ,s
konoskan,konosˈeɾ,s
konoskan,konosˈeɾ,s
konoskan,konosˈeɾ,s
konoskan,konosˈeɾ,s
konoskan,konosˈeɾ,s
konoskan,konosˈeɾ,s
konoskan,konosˈeɾ,s
konoskan,konosˈeɾ,s
konoskan,konosˈeɾ,s
konoskan,konosˈeɾ,s
konoskan,konosˈeɾ,s
konoskan,konosˈeɾ,s
konoskan,konosˈeɾ,s
konoskan,konosˈeɾ,s
konskan,konosˈeɾ,s
konskan,konosˈeɾ,s
konosas,konosˈeɾ,s
konosas,konosˈeɾ,s
konosas,konosˈeɾ,s
konosjas,konosˈeɾ,s
konosas,konosˈeɾ,s
konoskas,konosˈeɾ,s
konoskas,konosˈeɾ,s
konoskas,konosˈeɾ,s
konoskas,konosˈeɾ,s
konoskas,konosˈeɾ,s
konosas,konosˈeɾ,s
konosas,konosˈeɾ,s
konosjas,konosˈeɾ,s
konoskas,konosˈeɾ,s
konoskas,konosˈeɾ,s
konoskas,konosˈeɾ,s
konoskas,konosˈeɾ,s
konoskas,konosˈeɾ,s
konoskas,konosˈeɾ,s
konosas,konosˈeɾ,s
konosjas,konosˈeɾ,s
konosas,konosˈeɾ,s
konosas,konosˈeɾ,s
konoskas,konosˈeɾ,s
konoses,konosˈeɾ,s
konosas,konosˈeɾ,s
konosas,konosˈeɾ,s
konosjas,konosˈeɾ,s
konosas,konosˈeɾ,s
konosas,konosˈeɾ,s
konosas,konosˈeɾ,s
konosas,konosˈeɾ,s
konosas,konosˈeɾ,s
konosas,konosˈeɾ,s
konoskas,konosˈeɾ,s
konoskas,konosˈeɾ,s
konsoskas,konosˈeɾ,s
konoskas,konosˈeɾ,s
konoskas,konosˈeɾ,s
konoskas,konosˈeɾ,s
konoskas,konosˈeɾ,s
konoskas,konosˈeɾ,s
konoskas,konosˈeɾ,s
konoskas,konosˈeɾ,s
konoskas,konosˈeɾ,s
konoskas,konosˈeɾ,s
konoskas,konosˈeɾ,s
konoskas,konosˈeɾ,s
konoskas,konosˈeɾ,s
konoskas,konosˈeɾ,s
konoskas,konosˈeɾ,s
konoskas,konosˈeɾ,s
konoskas,konosˈeɾ,s
konskas,konosˈeɾ,s
konskas,konosˈeɾ,s
konosa,konosˈeɾ,s
konosa,konosˈeɾ,s
konosa,konosˈeɾ,s
konosja,konosˈeɾ,s
konoska,konosˈeɾ,s
konoska,konosˈeɾ,s
konoska,konosˈeɾ,s
konoska,konosˈeɾ,s
konoska,konosˈeɾ,s
konoska,konosˈeɾ,s
konosa,konosˈeɾ,s
konosa,konosˈeɾ,s
konoska,konosˈeɾ,s
konoska,konosˈeɾ,s
konoska,konosˈeɾ,s
konoska,konosˈeɾ,s
konoska,konosˈeɾ,s
konoska,konosˈeɾ,s
konoska,konosˈeɾ,s
konosa,konosˈeɾ,s
konosja,konosˈeɾ,s
konosa,konosˈeɾ,s
konosa,konosˈeɾ,s
konoska,konosˈeɾ,s
konoska,konosˈeɾ,s
konoska,konosˈeɾ,s
konosa,konosˈeɾ,s
konosja,konosˈeɾ,s
konosa,konosˈeɾ,s
konosa,konosˈeɾ,s
konoska,konosˈeɾ,s
konoska,konosˈeɾ,s
konose,konosˈeɾ,s
konosa,konosˈeɾ,s
konsoska,konosˈeɾ,s
konsoska,konosˈeɾ,s
konsoska,konosˈeɾ,s
konoska,konosˈeɾ,s
konoska,konosˈeɾ,s
konoska,konosˈeɾ,s
konoska,konosˈeɾ,s
konsoska,konosˈeɾ,s
konoska,konosˈeɾ,s
konoska,konosˈeɾ,s
konoska,konosˈeɾ,s
konoska,konosˈeɾ,s
konoska,konosˈeɾ,s
konoska,konosˈeɾ,s
konoska,konosˈeɾ,s
konoska,konosˈeɾ,s
konoska,konosˈeɾ,s
konoska,konosˈeɾ,s
konoska,konosˈeɾ,s
konoska,konosˈeɾ,s
konoska,konosˈeɾ,s
konosjajs,konosˈeɾ,s
konosejs,konosˈeɾ,s
konosejs,konosˈeɾ,s
konosejs,konosˈeɾ,s
konoskejs,konosˈeɾ,s
konoskejs,konosˈeɾ,s
konoskejs,konosˈeɾ,s
konoskejs,konosˈeɾ,s
konoskejs,konosˈeɾ,s
konoskejs,konosˈeɾ,s
konosejs,konosˈeɾ,s
konosejs,konosˈeɾ,s
konosejs,konosˈeɾ,s
konoskejs,konosˈeɾ,s
konoskejs,konosˈeɾ,s
konoskejs,konosˈeɾ,s
konoskejs,konosˈeɾ,s
konoskejs,konosˈeɾ,s
konoskejs,konosˈeɾ,s
konosejs,konosˈeɾ,s
konosejs,konosˈeɾ,s
konosejs,konosˈeɾ,s
konoskejs,konosˈeɾ,s
konoskejs,konosˈeɾ,s
konoskejs,konosˈeɾ,s
konoskejs,konosˈeɾ,s
konosejs,konosˈeɾ,s
konosejs,konosˈeɾ,s
konosejs,konosˈeɾ,s
konoskejs,konosˈeɾ,s
konoskejs,konosˈeɾ,s
konoskejs,konosˈeɾ,s
konoskejs,konosˈeɾ,s
konosejs,konosˈeɾ,s
konosejs,konosˈeɾ,s
konosejs,konosˈeɾ,s
konosejs,konosˈeɾ,s
konosejs,konosˈeɾ,s
konosejs,konosˈeɾ,s
konosejs,konosˈeɾ,s
konoskejs,konosˈeɾ,s
konoskejs,konosˈeɾ,s
konoskejs,konosˈeɾ,s
konoskejs,konosˈeɾ,s
konoskejs,konosˈeɾ,s
konoskejs,konosˈeɾ,s
konoskejs,konosˈeɾ,s
konoskejs,konosˈeɾ,s
konoskejs,konosˈeɾ,s
konoskejs,konosˈeɾ,s
konoskejs,konosˈeɾ,s
konoskejs,konosˈeɾ,s
konoskejs,konosˈeɾ,s
konoskejs,konosˈeɾ,s
konoskejs,konosˈeɾ,s
konosamos,konosˈeɾ,s
konosemos,konosˈeɾ,s
konosemos,konosˈeɾ,s
konosemos,konosˈeɾ,s
konosjemos,konosˈeɾ,s
konoskemos,konosˈeɾ,s
konoskemos,konosˈeɾ,s
konoskemos,konosˈeɾ,s
konoskemos,konosˈeɾ,s
konoskemos,konosˈeɾ,s
konosemos,konosˈeɾ,s
konosemos,konosˈeɾ,s
konosemos,konosˈeɾ,s
konosjemos,konosˈeɾ,s
konsemos,konosˈeɾ,s
konoskemos,konosˈeɾ,s
konoskemos,konosˈeɾ,s
konoskemos,konosˈeɾ,s
konoskemos,konosˈeɾ,s
konosemos,konosˈeɾ,s
konosemos,konosˈeɾ,s
konosjemos,konosˈeɾ,s
konosemos,konosˈeɾ,s
konosemos,konosˈeɾ,s
konosemos,konosˈeɾ,s
konosemos,konosˈeɾ,s
konosemos,konosˈeɾ,s
konosemos,konosˈeɾ,s
konosjemos,konosˈeɾ,s
konoskemos,konosˈeɾ,s
konoskemos,konosˈeɾ,s
konosemos,konosˈeɾ,s
konosemos,konosˈeɾ,s
konosemos,konosˈeɾ,s
konosjemos,konosˈeɾ,s
konosemos,konosˈeɾ,s
konosemos,konosˈeɾ,s
konosemos,konosˈeɾ,s
konosemos,konosˈeɾ,s
konosemos,konosˈeɾ,s
konoskemos,konosˈeɾ,s
konoskemos,konosˈeɾ,s
konoskemos,konosˈeɾ,s
konoskemos,konosˈeɾ,s
konoskemos,konosˈeɾ,s
konoskemos,konosˈeɾ,s
konoskemos,konosˈeɾ,s
konoskemos,konosˈeɾ,s
konoskemos,konosˈeɾ,s
konoske,konosˈeɾ,s
konoske,konosˈeɾ,s
konoskemos,konosˈeɾ,s
konoskemos,konosˈeɾ,s
konoskemos,konosˈeɾ,s
konoskemos,konosˈeɾ,s
konosen,konosˈeɾ,s
konosan,konosˈeɾ,s
konosan,konosˈeɾ,s
konosan,konosˈeɾ,s
konosjen,konosˈeɾ,s
konoskan,konosˈeɾ,s
konoskan,konosˈeɾ,s
konosken,konosˈeɾ,s
konosken,konosˈeɾ,s
konoskan,konosˈeɾ,s
konosan,konosˈeɾ,s
konosan,konosˈeɾ,s
konosan,konosˈeɾ,s
konoskan,konosˈeɾ,s
konoskan,konosˈeɾ,s
konoskan,konosˈeɾ,s
konosken,konosˈeɾ,s
konosken,konosˈeɾ,s
konoskan,konosˈeɾ,s
konosan,konosˈeɾ,s
konosan,konosˈeɾ,s
konosjen,konosˈeɾ,s
konosen,konosˈeɾ,s
konoskan,konosˈeɾ,s
konosen,konosˈeɾ,s
konosen,konosˈeɾ,s
konosen,konosˈeɾ,s
konosan,konosˈeɾ,s
konosjen,konosˈeɾ,s
konosen,konosˈeɾ,s
konoskan,konosˈeɾ,s
konosen,konosˈeɾ,s
konosen,konosˈeɾ,s
konosen,konosˈeɾ,s
konosjen,konosˈeɾ,s
konosen,konosˈeɾ,s
konosen,konosˈeɾ,s
konosen,konosˈeɾ,s
konosen,konosˈeɾ,s
konosen,konosˈeɾ,s
konsosken,konosˈeɾ,s
konosken,konosˈeɾ,s
konosken,konosˈeɾ,s
konosken,konosˈeɾ,s
konosken,konosˈeɾ,s
konsosken,konosˈeɾ,s
konosken,konosˈeɾ,s
konosken,konosˈeɾ,s
konosken,konosˈeɾ,s
konosken,konosˈeɾ,s
konosken,konosˈeɾ,s
konosken,konosˈeɾ,s
konosken,konosˈeɾ,s
konsken,konosˈeɾ,s
konsken,konosˈeɾ,s
konosamos,konosˈeɾ,s
konosas,konosˈeɾ,s
konosas,konosˈeɾ,s
konosas,konosˈeɾ,s
konosjes,konosˈeɾ,s
konoses,konosˈeɾ,s
konoskes,konosˈeɾ,s
konoskes,konosˈeɾ,s
konoskes,konosˈeɾ,s
konoskas,konosˈeɾ,s
konosas,konosˈeɾ,s
konosas,konosˈeɾ,s
konosas,konosˈeɾ,s
konosjes,konosˈeɾ,s
konoskes,konosˈeɾ,s
konoskes,konosˈeɾ,s
konoskes,konosˈeɾ,s
konoskes,konosˈeɾ,s
konoskas,konosˈeɾ,s
konosas,konosˈeɾ,s
konosas,konosˈeɾ,s
konosjes,konosˈeɾ,s
konoses,konosˈeɾ,s
konoses,konosˈeɾ,s
konoskes,konosˈeɾ,s
konoskes,konosˈeɾ,s
konoses,konosˈeɾ,s
kona,konosˈeɾ,s
konosjes,konosˈeɾ,s
konoses,konosˈeɾ,s
konoskes,konosˈeɾ,s
konoses,konosˈeɾ,s
konoses,konosˈeɾ,s
konoses,konosˈeɾ,s
konosjes,konosˈeɾ,s
konoses,konosˈeɾ,s
konoses,konosˈeɾ,s
konoses,konosˈeɾ,s
konoses,konosˈeɾ,s
konoses,konosˈeɾ,s
konoskes,konosˈeɾ,s
konoskes,konosˈeɾ,s
konoskes,konosˈeɾ,s
konoskes,konosˈeɾ,s
konoskes,konosˈeɾ,s
konoskes,konosˈeɾ,s
konoskes,konosˈeɾ,s
konoskes,konosˈeɾ,s
konoskes,konosˈeɾ,s
konoskes,konosˈeɾ,s
konoskes,konosˈeɾ,s
konoskes,konosˈeɾ,s
konoskes,konosˈeɾ,s
konoskes,konosˈeɾ,s
konoskes,konosˈeɾ,s
konose,konosˈeɾ,s
konosa,konosˈeɾ,s
konosa,konosˈeɾ,s
konosa,konosˈeɾ,s
konosje,konosˈeɾ,s
konoske,konosˈeɾ,s
konoske,konosˈeɾ,s
konoske,konosˈeɾ,s
konoske,konosˈeɾ,s
konoske,konosˈeɾ,s
konose,konosˈeɾ,s
konose,konosˈeɾ,s
konosa,konosˈeɾ,s
konoske,konosˈeɾ,s
konoske,konosˈeɾ,s
konoske,konosˈeɾ,s
konoske,konosˈeɾ,s
konoske,konosˈeɾ,s
konoske,konosˈeɾ,s
konose,konosˈeɾ,s
konosa,konosˈeɾ,s
konosje,konosˈeɾ,s
konose,konosˈeɾ,s
konoske,konosˈeɾ,s
konoske,konosˈeɾ,s
konoske,konosˈeɾ,s
konose,konosˈeɾ,s
konosa,konosˈeɾ,s
konosje,konosˈeɾ,s
konose,konosˈeɾ,s
konoske,konosˈeɾ,s
konoske,konosˈeɾ,s
konose,konosˈeɾ,s
konose,konosˈeɾ,s
konosje,konosˈeɾ,s
konose,konosˈeɾ,s
konose,konosˈeɾ,s
konose,konosˈeɾ,s
konose,konosˈeɾ,s
konose,konosˈeɾ,s
konsoske,konosˈeɾ,s
konsoske,konosˈeɾ,s
konoske,konosˈeɾ,s
konoske,konosˈeɾ,s
konoske,konosˈeɾ,s
konsoske,konosˈeɾ,s
konsoske,konosˈeɾ,s
konoske,konosˈeɾ,s
konoske,konosˈeɾ,s
konoske,konosˈeɾ,s
konoske,konosˈeɾ,s
konoske,konosˈeɾ,s
konoske,konosˈeɾ,s
konoske,konosˈeɾ,s
konoske,konosˈeɾ,s
konose,konosˈeɾ,s
konosa,konosˈeɾ,s
konosa,konosˈeɾ,s
konosa,konosˈeɾ,s
konosje,konosˈeɾ,s
konoske,konosˈeɾ,s
konoske,konosˈeɾ,s
konoske,konosˈeɾ,s
konoske,konosˈeɾ,s
konoska,konosˈeɾ,s
konosa,konosˈeɾ,s
konosa,konosˈeɾ,s
konosa,konosˈeɾ,s
konoske,konosˈeɾ,s
konoske,konosˈeɾ,s
konoske,konosˈeɾ,s
konoske,konosˈeɾ,s
konoske,konosˈeɾ,s
konoska,konosˈeɾ,s
konosa,konosˈeɾ,s
konosa,konosˈeɾ,s
konosje,konosˈeɾ,s
konose,konosˈeɾ,s
konoske,konosˈeɾ,s
konoske,konosˈeɾ,s
konoske,konosˈeɾ,s
konose,konosˈeɾ,s
konosa,konosˈeɾ,s
konosje,konosˈeɾ,s
konose,konosˈeɾ,s
konoske,konosˈeɾ,s
konoske,konosˈeɾ,s
konose,konosˈeɾ,s
konose,konosˈeɾ,s
konosje,konosˈeɾ,s
konose,konosˈeɾ,s
konose,konosˈeɾ,s
konose,konosˈeɾ,s
konose,konosˈeɾ,s
konose,konosˈeɾ,s
konsoske,konosˈeɾ,s
konsoske,konosˈeɾ,s
konoske,konosˈeɾ,s
konoske,konosˈeɾ,s
konoske,konosˈeɾ,s
konsoske,konosˈeɾ,s
konsoske,konosˈeɾ,s
konoske,konosˈeɾ,s
konoske,konosˈeɾ,s
konoske,konosˈeɾ,s
konoske,konosˈeɾ,s
konoske,konosˈeɾ,s
konoske,konosˈeɾ,s
konoske,konosˈeɾ,s
konoske,konosˈeɾ,s
konosamos,konosˈeɾ,s
konosan,konosˈeɾ,s
konosas,konosˈeɾ,s
konosa,konosˈeɾ,s
konosjo,konosˈeɾ,s
konosko,konosˈeɾ,s
konosko,konosˈeɾ,s
konosko,konosˈeɾ,s
konoske,konosˈeɾ,s
konosko,konosˈeɾ,s
konosan,konosˈeɾ,s
konosas,konosˈeɾ,s
konosa,konosˈeɾ,s
konosko,konosˈeɾ,s
konosko,konosˈeɾ,s
konosko,konosˈeɾ,s
konosko,konosˈeɾ,s
konosko,konosˈeɾ,s
konosko,konosˈeɾ,s
konosas,konosˈeɾ,s
konosa,konosˈeɾ,s
konosjo,konosˈeɾ,s
konosen,konosˈeɾ,s
konosko,konosˈeɾ,s
konosko,konosˈeɾ,s
konoske,konosˈeɾ,s
konoske,konosˈeɾ,s
konosa,konosˈeɾ,s
konosjo,konosˈeɾ,s
konose,konosˈeɾ,s
konosko,konosˈeɾ,s
konosko,konosˈeɾ,s
konoske,konosˈeɾ,s
konoske,konosˈeɾ,s
konosjo,konosˈeɾ,s
konose,konosˈeɾ,s
konosen,konosˈeɾ,s
konoses,konosˈeɾ,s
konose,konosˈeɾ,s
konose,konosˈeɾ,s
konosko,konosˈeɾ,s
konsosko,konosˈeɾ,s
konsosko,konosˈeɾ,s
konoske,konosˈeɾ,s
konosko,konosˈeɾ,s
konsosko,konosˈeɾ,s
konsosko,konosˈeɾ,s
konosko,konosˈeɾ,s
konosko,konosˈeɾ,s
konosko,konosˈeɾ,s
konosko,konosˈeɾ,s
konosko,konosˈeɾ,s
konoske,konosˈeɾ,s
konosko,konosˈeɾ,s
konoske,konosˈeɾ,s
kompadajs,kompadesˈeɾ,s
kompadesajs,kompadesˈeɾ,s
kompadesajs,kompadesˈeɾ,s
kompadesajs,kompadesˈeɾ,s
kompadesajs,kompadesˈeɾ,s
kompadesajs,kompadesˈeɾ,s
kompadesajs,kompadesˈeɾ,s
kompadesajs,kompadesˈeɾ,s
kompadesajs,kompadesˈeɾ,s
kompadesajs,kompadesˈeɾ,s
kompadajs,kompadesˈeɾ,s
kompadajs,kompadesˈeɾ,s
kompadajs,kompadesˈeɾ,s
kompadajs,kompadesˈeɾ,s
kompadajs,kompadesˈeɾ,s
kompadajs,kompadesˈeɾ,s
kompadajs,kompadesˈeɾ,s
kompadajs,kompadesˈeɾ,s
kompadajs,kompadesˈeɾ,s
kompadajs,kompadesˈeɾ,s
kompadajs,kompadesˈeɾ,s
kompadajs,kompadesˈeɾ,s
kompadajs,kompadesˈeɾ,s
kompadajs,kompadesˈeɾ,s
kompadajs,kompadesˈeɾ,s
kompadajs,kompadesˈeɾ,s
kompadajs,kompadesˈeɾ,s
kompadajs,kompadesˈeɾ,s
kompadajs,kompadesˈeɾ,s
kompadajs,kompadesˈeɾ,s
kompadajs,kompadesˈeɾ,s
kompadajs,kompadesˈeɾ,s
kompadajs,kompadesˈeɾ,s
kompadajs,kompadesˈeɾ,s
kompadesajs,kompadesˈeɾ,s
kompadesajs,kompadesˈeɾ,s
kompadesajs,kompadesˈeɾ,s
kompadesajs,kompadesˈeɾ,s
kompadesajs,kompadesˈeɾ,s
kompadesajs,kompadesˈeɾ,s
kompadesajs,kompadesˈeɾ,s
kompadesajs,kompadesˈeɾ,s
kompadesajs,kompadesˈeɾ,s
kompadesajs,kompadesˈeɾ,s
kompadesajs,kompadesˈeɾ,s
kompadajs,kompadesˈeɾ,s
kompadajs,kompadesˈeɾ,s
kompadajs,kompadesˈeɾ,s
kompadajs,kompadesˈeɾ,s
kompadajs,kompadesˈeɾ,s
kompadajs,kompadesˈeɾ,s
kompadajs,kompadesˈeɾ,s
kompadajs,kompadesˈeɾ,s
kompadajs,kompadesˈeɾ,s
kompadajs,kompadesˈeɾ,s
kompadamos,kompadesˈeɾ,s
kompadamos,kompadesˈeɾ,s
kompadamos,kompadesˈeɾ,s
kompadesamos,kompadesˈeɾ,s
kompadesamos,kompadesˈeɾ,s
kompadesamos,kompadesˈeɾ,s
kompadesamos,kompadesˈeɾ,s
kompadesamos,kompadesˈeɾ,s
kompadesamos,kompadesˈeɾ,s
kompadamos,kompadesˈeɾ,s
kompadamos,kompadesˈeɾ,s
kompadamos,kompadesˈeɾ,s
kompadamos,kompadesˈeɾ,s
kompademos,kompadesˈeɾ,s
kompadamos,kompadesˈeɾ,s
kompadamos,kompadesˈeɾ,s
kompadamos,kompadesˈeɾ,s
kompadamos,kompadesˈeɾ,s
kompadamos,kompadesˈeɾ,s
kompadamos,kompadesˈeɾ,s
kompadamos,kompadesˈeɾ,s
kompademos,kompadesˈeɾ,s
kompadamos,kompadesˈeɾ,s
kompadamos,kompadesˈeɾ,s
kompadamos,kompadesˈeɾ,s
kompadamos,kompadesˈeɾ,s
kompadamos,kompadesˈeɾ,s
kompadamos,kompadesˈeɾ,s
kompadamos,kompadesˈeɾ,s
kompadamos,kompadesˈeɾ,s
kompadamos,kompadesˈeɾ,s
kompadamos,kompadesˈeɾ,s
kompadamos,kompadesˈeɾ,s
kompadamos,kompadesˈeɾ,s
kompadesamos,kompadesˈeɾ,s
kompadesamos,kompadesˈeɾ,s
kompadesamos,kompadesˈeɾ,s
kompadesamos,kompadesˈeɾ,s
kompadesamos,kompadesˈeɾ,s
kompadamos,kompadesˈeɾ,s
kompadesamos,kompadesˈeɾ,s
kompadesamos,kompadesˈeɾ,s
kompadesamos,kompadesˈeɾ,s
kompadesamos,kompadesˈeɾ,s
kompadesamos,kompadesˈeɾ,s
kompadamos,kompadesˈeɾ,s
kompadamos,kompadesˈeɾ,s
kompadamos,kompadesˈeɾ,s
kompadamos,kompadesˈeɾ,s
kompadamos,kompadesˈeɾ,s
kompadamos,kompadesˈeɾ,s
kompadamos,kompadesˈeɾ,s
kompadamos,kompadesˈeɾ,s
kompadamos,kompadesˈeɾ,s
kompadamos,kompadesˈeɾ,s
kompadesan,kompadesˈeɾ,s
kompadan,kompadesˈeɾ,s
kompadan,kompadesˈeɾ,s
kompadesan,kompadesˈeɾ,s
kompadesan,kompadesˈeɾ,s
kompadan,kompadesˈeɾ,s
kompadan,kompadesˈeɾ,s
kompadan,kompadesˈeɾ,s
kompadan,kompadesˈeɾ,s
kompadan,kompadesˈeɾ,s
kompadan,kompadesˈeɾ,s
kompadan,kompadesˈeɾ,s
kompadeskan,kompadesˈeɾ,s
kompadesan,kompadesˈeɾ,s
kompadan,kompadesˈeɾ,s
kompadan,kompadesˈeɾ,s
kompadan,kompadesˈeɾ,s
kompadan,kompadesˈeɾ,s
kompadan,kompadesˈeɾ,s
kompadan,kompadesˈeɾ,s
kompadesan,kompadesˈeɾ,s
kompadesan,kompadesˈeɾ,s
kompadan,kompadesˈeɾ,s
kompadesan,kompadesˈeɾ,s
kompadan,kompadesˈeɾ,s
kompadan,kompadesˈeɾ,s
kompadan,kompadesˈeɾ,s
kompadesan,kompadesˈeɾ,s
kompadesan,kompadesˈeɾ,s
kompadan,kompadesˈeɾ,s
kompadan,kompadesˈeɾ,s
kompadan,kompadesˈeɾ,s
kompadan,kompadesˈeɾ,s
kompadan,kompadesˈeɾ,s
kompadeskan,kompadesˈeɾ,s
kompadan,kompadesˈeɾ,s
kompadan,kompadesˈeɾ,s
kompadan,kompadesˈeɾ,s
kompadan,kompadesˈeɾ,s
kompadan,kompadesˈeɾ,s
kompadesen,kompadesˈeɾ,s
kompadesen,kompadesˈeɾ,s
kompadesen,kompadesˈeɾ,s
kompadesen,kompadesˈeɾ,s
kompadeskan,kompadesˈeɾ,s
kompadan,kompadesˈeɾ,s
kompadeskan,kompadesˈeɾ,s
kompadeskan,kompadesˈeɾ,s
kompadeskan,kompadesˈeɾ,s
kompadan,kompadesˈeɾ,s
kompadan,kompadesˈeɾ,s
kompadeskan,kompadesˈeɾ,s
kompadan,kompadesˈeɾ,s
kompadan,kompadesˈeɾ,s
kompadan,kompadesˈeɾ,s
kompadesas,kompadesˈeɾ,s
kompadas,kompadesˈeɾ,s
kompadas,kompadesˈeɾ,s
kompadesjas,kompadesˈeɾ,s
kompadesas,kompadesˈeɾ,s
kompadas,kompadesˈeɾ,s
kompadas,kompadesˈeɾ,s
kompadas,kompadesˈeɾ,s
kompadesas,kompadesˈeɾ,s
kompadas,kompadesˈeɾ,s
kompadesas,kompadesˈeɾ,s
kompadesas,kompadesˈeɾ,s
kompadeskas,kompadesˈeɾ,s
kompadeskas,kompadesˈeɾ,s
kompadas,kompadesˈeɾ,s
kompadeses,kompadesˈeɾ,s
kompadesas,kompadesˈeɾ,s
kompadesas,kompadesˈeɾ,s
kompadas,kompadesˈeɾ,s
kompadas,kompadesˈeɾ,s
kompadeskas,kompadesˈeɾ,s
kompadesas,kompadesˈeɾ,s
kompadesas,kompadesˈeɾ,s
kompadas,kompadesˈeɾ,s
kompadesas,kompadesˈeɾ,s
kompadesas,kompadesˈeɾ,s
kompadas,kompadesˈeɾ,s
kompadesas,kompadesˈeɾ,s
kompadesas,kompadesˈeɾ,s
kompadas,kompadesˈeɾ,s
kompadas,kompadesˈeɾ,s
kompadas,kompadesˈeɾ,s
kompadas,kompadesˈeɾ,s
kompadas,kompadesˈeɾ,s
kompadeskas,kompadesˈeɾ,s
kompadas,kompadesˈeɾ,s
kompadeses,kompadesˈeɾ,s
kompadeses,kompadesˈeɾ,s
kompadeses,kompadesˈeɾ,s
kompadas,kompadesˈeɾ,s
kompadeskas,kompadesˈeɾ,s
kompadeskas,kompadesˈeɾ,s
kompadesas,kompadesˈeɾ,s
kompadeses,kompadesˈeɾ,s
kompadeskas,kompadesˈeɾ,s
kompadas,kompadesˈeɾ,s
kompadas,kompadesˈeɾ,s
kompadas,kompadesˈeɾ,s
kompadas,kompadesˈeɾ,s
kompadas,kompadesˈeɾ,s
kompadas,kompadesˈeɾ,s
kompadas,kompadesˈeɾ,s
kompadas,kompadesˈeɾ,s
kompadeskas,kompadesˈeɾ,s
kompadeskas,kompadesˈeɾ,s
kompadesa,kompadesˈeɾ,s
kompada,kompadesˈeɾ,s
kompadesa,kompadesˈeɾ,s
kompadesa,kompadesˈeɾ,s
kompadesa,kompadesˈeɾ,s
kompada,kompadesˈeɾ,s
kompadeska,kompadesˈeɾ,s
kompada,kompadesˈeɾ,s
kompada,kompadesˈeɾ,s
kompada,kompadesˈeɾ,s
kompada,kompadesˈeɾ,s
kompadesa,kompadesˈeɾ,s
kompadesa,kompadesˈeɾ,s
kompadesa,kompadesˈeɾ,s
kompadeska,kompadesˈeɾ,s
kompadeska,kompadesˈeɾ,s
kompadeska,kompadesˈeɾ,s
kompadeska,kompadesˈeɾ,s
kompadeska,kompadesˈeɾ,s
kompadesa,kompadesˈeɾ,s
kompadesa,kompadesˈeɾ,s
kompadesa,kompadesˈeɾ,s
kompada,kompadesˈeɾ,s
kompadesa,kompadesˈeɾ,s
kompadese,kompadesˈeɾ,s
kompadesa,kompadesˈeɾ,s
kompada,kompadesˈeɾ,s
kompadesa,kompadesˈeɾ,s
kompadesa,kompadesˈeɾ,s
kompada,kompadesˈeɾ,s
kompadesa,kompadesˈeɾ,s
kompada,kompadesˈeɾ,s
kompada,kompadesˈeɾ,s
kompada,kompadesˈeɾ,s
kompadeska,kompadesˈeɾ,s
kompadeska,kompadesˈeɾ,s
kompadeska,kompadesˈeɾ,s
kompadeska,kompadesˈeɾ,s
kompadese,kompadesˈeɾ,s
kompadese,kompadesˈeɾ,s
kompadeska,kompadesˈeɾ,s
kompadeska,kompadesˈeɾ,s
kompadeska,kompadesˈeɾ,s
kompadeska,kompadesˈeɾ,s
kompadeska,kompadesˈeɾ,s
kompada,kompadesˈeɾ,s
kompadese,kompadesˈeɾ,s
kompadese,kompadesˈeɾ,s
kompada,kompadesˈeɾ,s
kompadese,kompadesˈeɾ,s
kompadese,kompadesˈeɾ,s
kompada,kompadesˈeɾ,s
kompada,kompadesˈeɾ,s
kompada,kompadesˈeɾ,s
kompada,kompadesˈeɾ,s
kompadesajs,kompadesˈeɾ,s
kompadejs,kompadesˈeɾ,s
kompadejs,kompadesˈeɾ,s
kompadejs,kompadesˈeɾ,s
kompadejs,kompadesˈeɾ,s
kompadejs,kompadesˈeɾ,s
kompadejs,kompadesˈeɾ,s
kompadejs,kompadesˈeɾ,s
kompadejs,kompadesˈeɾ,s
kompadejs,kompadesˈeɾ,s
kompadejs,kompadesˈeɾ,s
kompadejs,kompadesˈeɾ,s
kompadejs,kompadesˈeɾ,s
kompadejs,kompadesˈeɾ,s
kompadejs,kompadesˈeɾ,s
kompadejs,kompadesˈeɾ,s
kompadesejs,kompadesˈeɾ,s
kompadejs,kompadesˈeɾ,s
kompadejs,kompadesˈeɾ,s
kompadejs,kompadesˈeɾ,s
kompadejs,kompadesˈeɾ,s
kompadejs,kompadesˈeɾ,s
kompadejs,kompadesˈeɾ,s
kompadejs,kompadesˈeɾ,s
kompadejs,kompadesˈeɾ,s
kompadejs,kompadesˈeɾ,s
kompadejs,kompadesˈeɾ,s
kompadejs,kompadesˈeɾ,s
kompadejs,kompadesˈeɾ,s
kompadejs,kompadesˈeɾ,s
kompadejs,kompadesˈeɾ,s
kompadejs,kompadesˈeɾ,s
kompadejs,kompadesˈeɾ,s
kompadejs,kompadesˈeɾ,s
kompadejs,kompadesˈeɾ,s
kompadejs,kompadesˈeɾ,s
kompadejs,kompadesˈeɾ,s
kompadejs,kompadesˈeɾ,s
kompadejs,kompadesˈeɾ,s
kompadejs,kompadesˈeɾ,s
kompadejs,kompadesˈeɾ,s
kompadesejs,kompadesˈeɾ,s
kompadesejs,kompadesˈeɾ,s
kompadesejs,kompadesˈeɾ,s
kompadejs,kompadesˈeɾ,s
kompadejs,kompadesˈeɾ,s
kompadejs,kompadesˈeɾ,s
kompadejs,kompadesˈeɾ,s
kompadejs,kompadesˈeɾ,s
kompadejs,kompadesˈeɾ,s
kompadejs,kompadesˈeɾ,s
kompadejs,kompadesˈeɾ,s
kompadejs,kompadesˈeɾ,s
kompadejs,kompadesˈeɾ,s
kompadejs,kompadesˈeɾ,s
kompadesamos,kompadesˈeɾ,s
kompademos,kompadesˈeɾ,s
kompademos,kompadesˈeɾ,s
kompademos,kompadesˈeɾ,s
kompademos,kompadesˈeɾ,s
kompademos,kompadesˈeɾ,s
kompademos,kompadesˈeɾ,s
kompademos,kompadesˈeɾ,s
kompademos,kompadesˈeɾ,s
kompademos,kompadesˈeɾ,s
kompademos,kompadesˈeɾ,s
kompademos,kompadesˈeɾ,s
kompademos,kompadesˈeɾ,s
kompadeska,kompadesˈeɾ,s
kompademos,kompadesˈeɾ,s
kompadeskes,kompadesˈeɾ,s
kompademos,kompadesˈeɾ,s
kompademos,kompadesˈeɾ,s
kompadesko,kompadesˈeɾ,s
kompademos,kompadesˈeɾ,s
kompademos,kompadesˈeɾ,s
kompademos,kompadesˈeɾ,s
kompademos,kompadesˈeɾ,s
kompademos,kompadesˈeɾ,s
kompademos,kompadesˈeɾ,s
kompademos,kompadesˈeɾ,s
kompademos,kompadesˈeɾ,s
kompademos,kompadesˈeɾ,s
kompademos,kompadesˈeɾ,s
kompademos,kompadesˈeɾ,s
kompademos,kompadesˈeɾ,s
kompademos,kompadesˈeɾ,s
kompademos,kompadesˈeɾ,s
kompademos,kompadesˈeɾ,s
kompademos,kompadesˈeɾ,s
kompademos,kompadesˈeɾ,s
kompademos,kompadesˈeɾ,s
kompademos,kompadesˈeɾ,s
kompademos,kompadesˈeɾ,s
kompademos,kompadesˈeɾ,s
kompademos,kompadesˈeɾ,s
kompadesemos,kompadesˈeɾ,s
kompadesemos,kompadesˈeɾ,s
kompadesemos,kompadesˈeɾ,s
kompadesko,kompadesˈeɾ,s
kompademos,kompadesˈeɾ,s
kompademos,kompadesˈeɾ,s
kompademos,kompadesˈeɾ,s
kompademos,kompadesˈeɾ,s
kompademos,kompadesˈeɾ,s
kompademos,kompadesˈeɾ,s
kompademos,kompadesˈeɾ,s
kompademos,kompadesˈeɾ,s
kompademos,kompadesˈeɾ,s
kompademos,kompadesˈeɾ,s
kompadesen,kompadesˈeɾ,s
kompadan,kompadesˈeɾ,s
kompadan,kompadesˈeɾ,s
kompadan,kompadesˈeɾ,s
kompadeskan,kompadesˈeɾ,s
kompadesen,kompadesˈeɾ,s
kompadesen,kompadesˈeɾ,s
kompaden,kompadesˈeɾ,s
kompaden,kompadesˈeɾ,s
kompaden,kompadesˈeɾ,s
kompadan,kompadesˈeɾ,s
kompadan,kompadesˈeɾ,s
kompadan,kompadesˈeɾ,s
kompadeskan,kompadesˈeɾ,s
kompadeskan,kompadesˈeɾ,s
kompadesen,kompadesˈeɾ,s
kompadesen,kompadesˈeɾ,s
kompadesen,kompadesˈeɾ,s
kompaden,kompadesˈeɾ,s
kompadan,kompadesˈeɾ,s
kompadan,kompadesˈeɾ,s
kompadeskan,kompadesˈeɾ,s
kompadesen,kompadesˈeɾ,s
kompadesen,kompadesˈeɾ,s
kompaden,kompadesˈeɾ,s
kompaden,kompadesˈeɾ,s
kompaden,kompadesˈeɾ,s
kompadan,kompadesˈeɾ,s
kompadeskan,kompadesˈeɾ,s
kompadesen,kompadesˈeɾ,s
kompadesen,kompadesˈeɾ,s
kompaden,kompadesˈeɾ,s
kompaden,kompadesˈeɾ,s
kompaden,kompadesˈeɾ,s
kompadesen,kompadesˈeɾ,s
kompadesen,kompadesˈeɾ,s
kompaden,kompadesˈeɾ,s
kompaden,kompadesˈeɾ,s
kompaden,kompadesˈeɾ,s
kompaden,kompadesˈeɾ,s
kompadeskan,kompadesˈeɾ,s
kompadesen,kompadesˈeɾ,s
kompaden,kompadesˈeɾ,s
kompaden,kompadesˈeɾ,s
kompaden,kompadesˈeɾ,s
kompadeskan,kompadesˈeɾ,s
kompadesen,kompadesˈeɾ,s
kompadesen,kompadesˈeɾ,s
kompadesen,kompadesˈeɾ,s
kompaden,kompadesˈeɾ,s
kompaden,kompadesˈeɾ,s
kompaden,kompadesˈeɾ,s
kompaden,kompadesˈeɾ,s
kompaden,kompadesˈeɾ,s
kompaden,kompadesˈeɾ,s
kompadamos,kompadesˈeɾ,s
kompadas,kompadesˈeɾ,s
kompadas,kompadesˈeɾ,s
kompadas,kompadesˈeɾ,s
kompadeses,kompadesˈeɾ,s
kompadeses,kompadesˈeɾ,s
kompadeskas,kompadesˈeɾ,s
kompadeses,kompadesˈeɾ,s
kompadeses,kompadesˈeɾ,s
kompades,kompadesˈeɾ,s
kompadan,kompadesˈeɾ,s
kompadas,kompadesˈeɾ,s
kompada,kompadesˈeɾ,s
kompadeskas,kompadesˈeɾ,s
kompadeskas,kompadesˈeɾ,s
kompadeskas,kompadesˈeɾ,s
kompadeses,kompadesˈeɾ,s
kompadeses,kompadesˈeɾ,s
kompadeskas,kompadesˈeɾ,s
kompadas,kompadesˈeɾ,s
kompadas,kompadesˈeɾ,s
kompadeskas,kompadesˈeɾ,s
kompadeses,kompadesˈeɾ,s
kompadeses,kompadesˈeɾ,s
kompadeses,kompadesˈeɾ,s
kompadeses,kompadesˈeɾ,s
kompades,kompadesˈeɾ,s
kompadas,kompadesˈeɾ,s
kompadeskas,kompadesˈeɾ,s
kompadeses,kompadesˈeɾ,s
kompadeses,kompadesˈeɾ,s
kompadeses,kompadesˈeɾ,s
kompadeses,kompadesˈeɾ,s
kompades,kompadesˈeɾ,s
kompadeses,kompadesˈeɾ,s
kompadeses,kompadesˈeɾ,s
kompades,kompadesˈeɾ,s
kompades,kompadesˈeɾ,s
kompades,kompadesˈeɾ,s
kompades,kompadesˈeɾ,s
kompadeskas,kompadesˈeɾ,s
kompadeskas,kompadesˈeɾ,s
kompadeses,kompadesˈeɾ,s
kompadeses,kompadesˈeɾ,s
kompadeskas,kompadesˈeɾ,s
kompadeskas,kompadesˈeɾ,s
kompadeses,kompadesˈeɾ,s
kompadeses,kompadesˈeɾ,s
kompadeses,kompadesˈeɾ,s
kompadeses,kompadesˈeɾ,s
kompadeses,kompadesˈeɾ,s
kompades,kompadesˈeɾ,s
kompades,kompadesˈeɾ,s
kompades,kompadesˈeɾ,s
kompades,kompadesˈeɾ,s
kompadese,kompadesˈeɾ,s
kompada,kompadesˈeɾ,s
kompadas,kompadesˈeɾ,s
kompada,kompadesˈeɾ,s
kompadese,kompadesˈeɾ,s
kompadese,kompadesˈeɾ,s
kompade,kompadesˈeɾ,s
kompadese,kompadesˈeɾ,s
kompadese,kompadesˈeɾ,s
kompadese,kompadesˈeɾ,s
kompadan,kompadesˈeɾ,s
kompadas,kompadesˈeɾ,s
kompada,kompadesˈeɾ,s
kompadese,kompadesˈeɾ,s
kompadese,kompadesˈeɾ,s
kompadese,kompadesˈeɾ,s
kompadeske,kompadesˈeɾ,s
kompadeske,kompadesˈeɾ,s
kompadese,kompadesˈeɾ,s
kompada,kompadesˈeɾ,s
kompada,kompadesˈeɾ,s
kompadese,kompadesˈeɾ,s
kompadese,kompadesˈeɾ,s
kompadese,kompadesˈeɾ,s
kompadese,kompadesˈeɾ,s
kompadese,kompadesˈeɾ,s
kompade,kompadesˈeɾ,s
kompada,kompadesˈeɾ,s
kompadese,kompadesˈeɾ,s
kompadese,kompadesˈeɾ,s
kompadese,kompadesˈeɾ,s
kompadese,kompadesˈeɾ,s
kompade,kompadesˈeɾ,s
kompade,kompadesˈeɾ,s
kompadese,kompadesˈeɾ,s
kompadese,kompadesˈeɾ,s
kompade,kompadesˈeɾ,s
kompadese,kompadesˈeɾ,s
kompade,kompadesˈeɾ,s
kompade,kompadesˈeɾ,s
kompadeska,kompadesˈeɾ,s
kompadeske,kompadesˈeɾ,s
kompadeske,kompadesˈeɾ,s
kompadese,kompadesˈeɾ,s
kompadese,kompadesˈeɾ,s
kompadeska,kompadesˈeɾ,s
kompadeske,kompadesˈeɾ,s
kompadeske,kompadesˈeɾ,s
kompadeska,kompadesˈeɾ,s
kompadese,kompadesˈeɾ,s
kompadese,kompadesˈeɾ,s
kompadese,kompadesˈeɾ,s
kompade,kompadesˈeɾ,s
kompade,kompadesˈeɾ,s
kompade,kompadesˈeɾ,s
kompadese,kompadesˈeɾ,s
kompada,kompadesˈeɾ,s
kompadas,kompadesˈeɾ,s
kompada,kompadesˈeɾ,s
kompadese,kompadesˈeɾ,s
kompadese,kompadesˈeɾ,s
kompade,kompadesˈeɾ,s
kompadese,kompadesˈeɾ,s
kompadese,kompadesˈeɾ,s
kompadeska,kompadesˈeɾ,s
kompadan,kompadesˈeɾ,s
kompadas,kompadesˈeɾ,s
kompada,kompadesˈeɾ,s
kompadese,kompadesˈeɾ,s
kompadese,kompadesˈeɾ,s
kompadese,kompadesˈeɾ,s
kompadeska,kompadesˈeɾ,s
kompadeske,kompadesˈeɾ,s
kompadese,kompadesˈeɾ,s
kompada,kompadesˈeɾ,s
kompada,kompadesˈeɾ,s
kompadese,kompadesˈeɾ,s
kompadese,kompadesˈeɾ,s
kompadese,kompadesˈeɾ,s
kompadese,kompadesˈeɾ,s
kompadese,kompadesˈeɾ,s
kompade,kompadesˈeɾ,s
kompada,kompadesˈeɾ,s
kompadese,kompadesˈeɾ,s
kompadese,kompadesˈeɾ,s
kompade,kompadesˈeɾ,s
kompadese,kompadesˈeɾ,s
kompade,kompadesˈeɾ,s
kompade,kompadesˈeɾ,s
kompadese,kompadesˈeɾ,s
kompadese,kompadesˈeɾ,s
kompade,kompadesˈeɾ,s
kompadese,kompadesˈeɾ,s
kompade,kompadesˈeɾ,s
kompade,kompadesˈeɾ,s
kompadeska,kompadesˈeɾ,s
kompadeska,kompadesˈeɾ,s
kompadeska,kompadesˈeɾ,s
kompadese,kompadesˈeɾ,s
kompadeska,kompadesˈeɾ,s
kompadeska,kompadesˈeɾ,s
kompadeska,kompadesˈeɾ,s
kompadeske,kompadesˈeɾ,s
kompadeska,kompadesˈeɾ,s
kompadese,kompadesˈeɾ,s
kompadese,kompadesˈeɾ,s
kompadese,kompadesˈeɾ,s
kompade,kompadesˈeɾ,s
kompade,kompadesˈeɾ,s
kompade,kompadesˈeɾ,s
kompadamos,kompadesˈeɾ,s
kompadeso,kompadesˈeɾ,s
kompadeso,kompadesˈeɾ,s
kompado,kompadesˈeɾ,s
kompadesko,kompadesˈeɾ,s
kompadesko,kompadesˈeɾ,s
kompadesko,kompadesˈeɾ,s
kompadesko,kompadesˈeɾ,s
kompadesko,kompadesˈeɾ,s
kompadesko,kompadesˈeɾ,s
kompadeso,kompadesˈeɾ,s
kompadeso,kompadesˈeɾ,s
kompadeso,kompadesˈeɾ,s
kompadesko,kompadesˈeɾ,s
kompadesko,kompadesˈeɾ,s
kompadesko,kompadesˈeɾ,s
kompadesko,kompadesˈeɾ,s
kompadesko,kompadesˈeɾ,s
kompadesko,kompadesˈeɾ,s
kompadeso,kompadesˈeɾ,s
kompado,kompadesˈeɾ,s
kompadesko,kompadesˈeɾ,s
kompadesko,kompadesˈeɾ,s
kompadesko,kompadesˈeɾ,s
kompadesko,kompadesˈeɾ,s
kompadesko,kompadesˈeɾ,s
kompadesko,kompadesˈeɾ,s
kompado,kompadesˈeɾ,s
kompadeso,kompadesˈeɾ,s
kompadesko,kompadesˈeɾ,s
kompadesko,kompadesˈeɾ,s
kompadesko,kompadesˈeɾ,s
kompadesko,kompadesˈeɾ,s
kompadesko,kompadesˈeɾ,s
kompadeso,kompadesˈeɾ,s
kompadesko,kompadesˈeɾ,s
kompadesko,kompadesˈeɾ,s
kompadesko,kompadesˈeɾ,s
kompado,kompadesˈeɾ,s
kompadesko,kompadesˈeɾ,s
kompadesko,kompadesˈeɾ,s
kompadesko,kompadesˈeɾ,s
kompadesko,kompadesˈeɾ,s
kompado,kompadesˈeɾ,s
kompado,kompadesˈeɾ,s
kompadesko,kompadesˈeɾ,s
kompadesko,kompadesˈeɾ,s
kompadese,kompadesˈeɾ,s
kompadese,kompadesˈeɾ,s
kompadesko,kompadesˈeɾ,s
kompadesko,kompadesˈeɾ,s
kompadesko,kompadesˈeɾ,s
kompadesko,kompadesˈeɾ,s
kompadesko,kompadesˈeɾ,s
kompadesko,kompadesˈeɾ,s
